Time	Voltage (V)	Current (A)	Power (W)	Power Factor
4/24/2026, 6:27:55 PM	235.76	0.348	51.195756	0.624
4/24/2026, 6:12:54 PM	233.94	0.364	69.485795	0.816
4/24/2026, 5:57:53 PM	243	0.574	89.686926	0.643
4/24/2026, 5:50:05 PM	246.12	0.48	76.78944	0.65
4/24/2026, 5:45:58 PM	239.39	0.504	93.023124	0.771
4/24/2026, 5:39:10 PM	241.4	0.945	196.18578	0.86
4/24/2026, 5:32:56 PM	243.85	0.581	110.224589	0.778
4/24/2026, 5:26:20 PM	247.12	0.557	97.315609	0.707
4/24/2026, 5:20:26 PM	236.93	0.56	117.422508	0.885
4/24/2026, 5:14:03 PM	240.5	0.45	94.696875	0.875
4/24/2026, 5:07:05 PM	245.68	0.259	57.331639	0.901
4/24/2026, 4:50:52 PM	245	0.34	48.3973	0.581
4/24/2026, 4:40:29 PM	236.91	0.736	129.030662	0.74
4/24/2026, 4:36:16 PM	240.51	0.491	78.412032	0.664
4/24/2026, 4:30:12 PM	231.81	0.643	132.061693	0.886
4/24/2026, 4:29:05 PM	231.17	0.815	168.997984	0.897
4/24/2026, 4:15:12 PM	243.82	0.415	82.870761	0.819
4/24/2026, 4:12:42 PM	231.14	9.063	1355.349718	0.647
4/24/2026, 3:57:23 PM	237.24	9.872	1630.055163	0.696
4/24/2026, 3:42:14 PM	238.11	8.629	1789.601186	0.871
4/24/2026, 3:27:02 PM	230.91	5.43	799.950749	0.638
4/24/2026, 3:11:54 PM	236.71	8.414	1567.450539	0.787
4/24/2026, 2:56:37 PM	230.46	8.474	1593.581121	0.816
4/24/2026, 2:41:36 PM	230.05	7.987	1306.398048	0.711
4/24/2026, 2:26:35 PM	237.94	9.169	1448.630115	0.664
4/24/2026, 2:22:31 PM	238.26	3.044	554.101268	0.764
4/24/2026, 12:07:06 PM	233.55	0.645	93.547285	0.621
4/24/2026, 11:52:05 AM	237.94	0.625	116.144463	0.781
4/24/2026, 11:37:05 AM	228.29	4.281	860.032351	0.88
4/24/2026, 11:22:04 AM	237.76	4.257	868.419827	0.858
4/24/2026, 11:07:01 AM	228.1	4.457	923.110664	0.908
4/24/2026, 10:52:01 AM	232.4	4.864	1001.52873	0.886
4/24/2026, 10:37:00 AM	231.78	3.864	832.906066	0.93
4/24/2026, 10:22:00 AM	237.35	3.603	678.151436	0.793
4/24/2026, 10:06:59 AM	233.98	5.362	972.315589	0.775
4/24/2026, 9:51:59 AM	241.22	2.033	367.800195	0.75
4/24/2026, 9:41:58 AM	238.03	3.087	576.816909	0.785
4/24/2026, 9:32:14 AM	238.99	0.977	214.346785	0.918
4/24/2026, 9:22:54 AM	243.73	2.559	401.666065	0.644
4/24/2026, 8:53:14 AM	242.26	0.568	75.682024	0.55
4/24/2026, 8:38:01 AM	245.13	0.601	121.541582	0.825
4/23/2026, 7:26:18 AM	243.26	0.225	33.059034	0.604
4/23/2026, 7:11:04 AM	245.72	0.237	54.857973	0.942
4/23/2026, 6:56:04 AM	248.06	0.167	35.543525	0.858
4/23/2026, 6:40:58 AM	245.43	0.172	40.229904	0.953
4/23/2026, 6:25:57 AM	243.98	0.171	37.506801	0.899
4/23/2026, 6:10:43 AM	242.64	0.171	22.820292	0.55
4/23/2026, 5:55:42 AM	243.54	0.309	50.269578	0.668
4/23/2026, 5:40:32 AM	246.14	0.388	55.104839	0.577
4/23/2026, 5:25:25 AM	245.8	0.4	78.45936	0.798
4/23/2026, 5:10:19 AM	248.58	0.497	83.021743	0.672
4/23/2026, 4:55:19 AM	247.31	0.502	68.282291	0.55
4/23/2026, 4:40:18 AM	242.28	0.505	67.29327	0.55
4/23/2026, 4:25:09 AM	244.32	0.486	67.562787	0.569
4/23/2026, 4:10:08 AM	245.44	0.383	61.854316	0.658
4/23/2026, 3:54:59 AM	243.93	0.383	60.632948	0.649
4/23/2026, 3:39:58 AM	246.61	0.391	71.546986	0.742
4/23/2026, 3:09:48 AM	244.05	0.388	86.832014	0.917
4/23/2026, 2:54:38 AM	242.99	0.386	74.097371	0.79
4/23/2026, 2:39:37 AM	243.43	0.387	63.118965	0.67
4/23/2026, 2:24:32 AM	242.87	0.384	75.822071	0.813
4/23/2026, 2:09:23 AM	240.59	0.378	50.018661	0.55
4/23/2026, 1:54:13 AM	246.01	0.383	87.53208	0.929
4/23/2026, 1:39:12 AM	247.65	0.384	61.242854	0.644
4/23/2026, 1:24:08 AM	242.67	0.386	83.179511	0.888
4/23/2026, 1:09:02 AM	246.21	0.384	74.501176	0.788
4/23/2026, 1:06:51 AM	234.03	5.622	797.23	0.606
4/23/2026, 12:53:54 AM	246.9	0.382	69.60506	0.738
4/23/2026, 12:38:52 AM	240.87	0.384	50.871744	0.55
4/23/2026, 12:23:52 AM	241.57	0.389	51.683902	0.55
4/23/2026, 12:08:46 AM	243.1	0.28	53.909856	0.792
4/22/2026, 11:53:38 PM	245.91	0.39	58.406084	0.609
4/22/2026, 11:38:32 PM	243.84	0.383	80.9	0.867
4/22/2026, 11:23:32 PM	246.53	0.386	57.64	0.606
4/22/2026, 11:08:23 PM	242.45	0.387	52.32	0.558
4/22/2026, 10:53:22 PM	240.7	0.309	70.87	0.954
4/22/2026, 10:38:21 PM	239.53	0.387	70.25	0.758
4/22/2026, 10:23:21 PM	242.61	0.388	75.97	0.808
4/22/2026, 10:08:03 PM	239.18	0.383	79.75	0.871
4/22/2026, 9:53:02 PM	243.68	0.387	86.78	0.921
4/22/2026, 9:37:48 PM	243.73	0.388	51.97	0.55
4/22/2026, 9:22:42 PM	240.05	0.393	72.85	0.773
4/22/2026, 9:20:35 PM	229.23	3.348	446.57	0.582
4/22/2026, 9:07:42 PM	244.71	0.393	62.05	0.646
4/22/2026, 8:37:41 PM	241.2	0.393	68.73	0.726
4/22/2026, 8:22:30 PM	236.23	5.713	862.29	0.639
4/22/2026, 8:07:30 PM	244.25	6.281	1254.84	0.818
4/22/2026, 7:52:30 PM	238.83	6.079	1265.94	0.872
4/22/2026, 7:37:30 PM	237.93	5.95	1017.81	0.719
4/22/2026, 7:22:28 PM	237.78	5.954	1302.47	0.92
4/22/2026, 7:07:13 PM	237.78	5.561	915.02	0.692
4/22/2026, 6:52:07 PM	244.5	5.955	1147.32	0.788
4/22/2026, 6:37:06 PM	237.94	6.826	1219.74	0.751
4/22/2026, 6:22:00 PM	235.25	5.553	1067.22	0.817
4/22/2026, 6:07:00 PM	237.62	6.233	1232.19	0.832
4/22/2026, 5:51:56 PM	231.28	6.156	1138.92	0.8
4/22/2026, 5:36:54 PM	237.7	6.103	1304.14	0.899
4/22/2026, 5:21:51 PM	235.02	6.748	1308.36	0.825
4/22/2026, 5:06:51 PM	234.03	5.622	797.324296	0.606
4/22/2026, 4:51:47 PM	233.84	4.516	758.17	0.718
4/22/2026, 4:36:46 PM	232.72	4.363	695.51	0.685
4/22/2026, 4:21:32 PM	228.19	3.601	630.19	0.767
4/22/2026, 4:06:29 PM	230.18	3.343	675.55	0.878
4/22/2026, 3:51:28 PM	229.29	3.41	682.57	0.873
4/22/2026, 3:36:26 PM	232.89	8.802	1623.43	0.792
4/22/2026, 3:21:13 PM	228.09	4.217	776.18	0.807
4/22/2026, 2:51:13 PM	231.6	3.168	522.32	0.712
4/22/2026, 2:36:07 PM	227.78	2.721	340.83	0.55
4/22/2026, 2:21:06 PM	228.06	3.483	613.21	0.772
4/22/2026, 2:06:05 PM	232.75	4.388	704.63	0.69
4/22/2026, 1:50:41 PM	225.12	4.771	912.88	0.85
4/22/2026, 1:35:35 PM	235.47	4.634	901.26	0.826
4/22/2026, 1:20:35 PM	229.23	3.348	446.662907	0.582
4/22/2026, 1:05:34 PM	230.83	2.883	564.96	0.849
4/22/2026, 12:50:28 PM	232.21	3.42	711.5	0.896
4/22/2026, 12:35:27 PM	233.61	3.051	627.15	0.88
4/22/2026, 12:20:27 PM	234.6	3.118	577.11	0.789
4/22/2026, 12:05:26 PM	233.62	5.504	911.58	0.709
4/22/2026, 11:50:18 AM	231.43	4.865	619.22	0.55
4/22/2026, 11:35:13 AM	231.52	5.427	1128.22	0.898
4/22/2026, 11:20:12 AM	228.75	4.823	840.63	0.762
4/22/2026, 11:05:11 AM	228.61	8.829	1659.1	0.822
4/22/2026, 10:50:09 AM	227.46	8.334	1666.23	0.879
4/22/2026, 10:35:07 AM	232.73	9.82	1839.7	0.805
4/22/2026, 10:20:07 AM	233.67	9.15	1291.36	0.604
4/22/2026, 10:04:54 AM	231.29	9.42	1198.26	0.55
4/22/2026, 9:49:53 AM	233	9.31	1776.51	0.819
4/22/2026, 9:34:44 AM	232.77	9.22	1347.76	0.628
4/22/2026, 9:19:36 AM	236.9	9.55	1244.25	0.55
4/22/2026, 9:04:35 AM	237.5	9.38	1350	0.606
4/22/2026, 8:49:26 AM	230.54	9.75	1236.22	0.55
4/22/2026, 8:34:23 AM	234.18	9.72	1340.65	0.589
4/22/2026, 8:19:18 AM	238.75	9.42	1374.07	0.611
4/22/2026, 8:04:13 AM	239.59	9.12	1201.77	0.55
4/22/2026, 7:49:05 AM	239.61	6.48	1310.38	0.844
4/22/2026, 7:34:05 AM	245.61	7.25	979.3	0.55
4/22/2026, 7:19:04 AM	246.75	7.94	1441.94	0.736
4/22/2026, 7:03:57 AM	246.52	7.88	1283.98	0.661
4/22/2026, 6:48:56 AM	247.77	0.511	102.48	0.81
4/22/2026, 6:33:53 AM	242.95	0.526	92.73	0.726
4/22/2026, 6:18:48 AM	248.21	0.509	80.03	0.634
4/22/2026, 6:03:40 AM	246.59	0.498	75.19	0.613
4/22/2026, 5:48:40 AM	243.58	0.531	79.76	0.617
4/22/2026, 5:33:35 AM	245.89	0.517	69.86	0.55
4/22/2026, 5:18:30 AM	244.86	0.512	112.43	0.897
4/22/2026, 5:03:25 AM	243.16	0.524	93.5	0.734
4/22/2026, 4:48:20 AM	247.95	0.512	116.2	0.916
4/22/2026, 4:33:20 AM	243.71	0.525	89.29	0.698
4/22/2026, 4:18:10 AM	248.55	0.523	105.38	0.811
4/22/2026, 4:03:06 AM	249.11	0.523	95.59	0.734
4/22/2026, 3:47:56 AM	244.08	0.519	69.61	0.55
4/22/2026, 3:32:51 AM	243.75	0.514	92.5	0.739
4/22/2026, 3:17:50 AM	247.66	0.517	86.47	0.676
4/22/2026, 3:02:45 AM	241.94	0.517	74.85	0.599
4/22/2026, 2:47:31 AM	243.42	0.519	116.95	0.926
4/22/2026, 2:32:31 AM	245.74	0.509	119.42	0.955
4/22/2026, 2:17:30 AM	247.03	0.512	96.87	0.766
4/22/2026, 2:02:26 AM	245.52	0.508	73.33	0.588
4/22/2026, 1:47:25 AM	243.95	0.524	70.23	0.55
4/22/2026, 1:32:15 AM	246.34	0.518	113.36	0.889
4/22/2026, 1:17:11 AM	242.53	0.507	94.27	0.767
4/22/2026, 1:02:10 AM	242.81	0.525	71.61	0.562
4/22/2026, 12:32:00 AM	243.83	0.512	109.93	0.881
4/22/2026, 12:16:46 AM	242.39	0.516	73.41	0.587
4/22/2026, 12:01:36 AM	243.06	0.515	93.84	0.75
4/21/2026, 11:46:36 PM	246.12	0.516	69.82	0.55
4/21/2026, 11:31:27 PM	247.37	0.507	87.34	0.697
4/21/2026, 11:16:26 PM	246.33	0.506	91.21	0.732
4/21/2026, 11:01:17 PM	242.82	0.509	67.89	0.55
4/21/2026, 10:46:13 PM	240.9	0.509	101.33	0.827
4/21/2026, 10:31:12 PM	240.67	0.503	114.79	0.949
4/21/2026, 10:16:12 PM	243.97	0.507	99.92	0.808
4/21/2026, 10:01:11 PM	242.35	0.507	67.52	0.55
4/21/2026, 9:46:06 PM	244.61	0.509	68.41	0.55
4/21/2026, 9:43:45 PM	230.63	5.303	986.9	0.807
4/21/2026, 9:31:00 PM	241.36	0.5	70.52	0.585
4/21/2026, 9:15:59 PM	244.67	0.397	67.24	0.693
4/21/2026, 9:00:42 PM	240.61	0.395	87.65	0.923
4/21/2026, 8:45:41 PM	244.27	0.393	71.26	0.743
4/21/2026, 8:30:40 PM	241.55	0.392	67.57	0.714
4/21/2026, 8:15:24 PM	239.58	0.392	51.64	0.55
4/21/2026, 8:00:23 PM	240.07	0.398	57.31	0.6
4/21/2026, 7:45:22 PM	243.07	0.112	14.89	0.55
4/21/2026, 7:30:12 PM	237.09	0.218	35.19	0.682
4/21/2026, 7:15:11 PM	239.57	0.224	32.91	0.615
4/21/2026, 7:00:11 PM	239.29	0.341	44.85	0.55
4/21/2026, 6:45:05 PM	238.27	0.764	136.87	0.752
4/21/2026, 6:30:04 PM	242.52	0.401	87.54	0.901
4/21/2026, 6:15:00 PM	238.4	0.388	54.15	0.586
4/21/2026, 6:00:00 PM	235.08	0.37	71.06	0.818
4/21/2026, 5:44:44 PM	237.08	0.362	59.2	0.69
4/21/2026, 5:29:41 PM	235.05	5.329	852.93	0.681
4/21/2026, 1:43:45 PM	230.63	0.303	56.393878	0.807
4/21/2026, 1:28:41 PM	228.28	5.372	684.23	0.558
4/21/2026, 1:13:41 PM	226.56	3.382	543.95	0.71
4/21/2026, 12:58:40 PM	238.59	3.385	444.13	0.55
4/21/2026, 12:43:39 PM	232.75	3.402	666.63	0.842
4/21/2026, 12:28:31 PM	236.68	3.39	625.8	0.78
4/21/2026, 12:13:21 PM	234.1	3.39	618.18	0.779
4/21/2026, 11:58:21 AM	233.54	4.405	846.62	0.823
4/21/2026, 11:43:17 AM	231.98	4.386	559.52	0.55
4/21/2026, 11:28:16 AM	228.01	4.389	951.62	0.951
4/21/2026, 11:13:15 AM	229.16	4.391	643.97	0.64
4/21/2026, 10:58:11 AM	230.58	4.392	556.93	0.55
4/21/2026, 10:43:04 AM	225.72	6.088	1136.43	0.827
4/21/2026, 10:40:45 AM	244.48	0.133	18.25	0.564
4/21/2026, 10:27:54 AM	226.18	5.396	1116.64	0.915
4/21/2026, 10:12:49 AM	230.33	6.536	827.9	0.55
4/21/2026, 9:57:48 AM	229.28	5.136	647.59	0.55
4/21/2026, 9:42:48 AM	232.36	6.163	787.55	0.55
4/21/2026, 9:27:46 AM	230.28	7.099	1100.16	0.673
4/21/2026, 9:12:45 AM	235.76	7.854	1353.55	0.731
4/21/2026, 8:57:44 AM	236.35	5.313	1066.1	0.849
4/21/2026, 8:42:35 AM	228.24	6.623	1224.34	0.81
4/21/2026, 8:27:25 AM	231.29	6.458	1223.31	0.819
4/21/2026, 8:12:24 AM	233.73	2.646	340.09	0.55
4/21/2026, 7:57:23 AM	236.39	2.094	464.3	0.938
4/21/2026, 7:42:23 AM	241.55	3.212	426.67	0.55
4/21/2026, 7:27:15 AM	245.24	0.584	116.12	0.811
4/21/2026, 7:12:15 AM	247.11	0.585	79.43	0.55
4/21/2026, 6:57:12 AM	248.81	0.595	129.21	0.873
4/21/2026, 6:42:08 AM	245.44	0.557	88.1	0.645
4/21/2026, 6:26:55 AM	247.6	0.565	106.86	0.764
4/21/2026, 6:11:52 AM	248.77	0.597	86.27	0.581
4/21/2026, 5:56:51 AM	244.7	0.569	79.43	0.571
4/21/2026, 5:41:51 AM	248.05	0.123	27.1	0.889
4/21/2026, 5:26:43 AM	248.41	0.127	17.29	0.55
4/21/2026, 5:11:42 AM	246.06	0.12	16.19	0.55
4/21/2026, 4:56:37 AM	247.26	0.137	20.56	0.609
4/21/2026, 4:41:37 AM	246.41	0.133	17.98	0.55
4/21/2026, 4:26:28 AM	245.65	0.13	22.29	0.699
4/21/2026, 4:11:27 AM	245.24	0.137	18.41	0.55
4/21/2026, 3:56:13 AM	250.53	0.136	31	0.91
4/21/2026, 3:41:09 AM	249.53	0.131	27.73	0.85
4/21/2026, 3:26:08 AM	251.63	0.127	28.65	0.897
4/21/2026, 3:11:07 AM	246.6	0.13	17.58	0.55
4/21/2026, 2:55:53 AM	246.81	0.14	29.59	0.859
4/21/2026, 2:40:45 AM	244.48	0.133	18.338934	0.564
4/21/2026, 2:25:45 AM	247.22	0.139	28.64	0.834
4/21/2026, 2:23:32 AM	238.63	2.873	571.73	0.834
4/21/2026, 2:10:44 AM	248.32	0.135	26.46	0.792
4/21/2026, 1:55:44 AM	244.25	0.137	31.72	0.949
4/21/2026, 1:40:35 AM	245.78	0.139	31.66	0.929
4/21/2026, 1:25:34 AM	244.64	0.13	27.46	0.864
4/21/2026, 1:10:24 AM	245.96	0.133	25.88	0.792
4/21/2026, 12:55:19 AM	242.67	0.139	25.17	0.748
4/21/2026, 12:40:15 AM	241.81	0.135	20.46	0.628
4/21/2026, 12:25:01 AM	241.04	0.139	20.57	0.616
4/21/2026, 12:10:01 AM	246.02	0.125	20.49	0.669
4/20/2026, 11:54:57 PM	248.34	0.129	28.99	0.906
4/20/2026, 11:39:56 PM	243.34	0.124	22.27	0.741
4/20/2026, 11:24:56 PM	244.89	0.129	17.31	0.55
4/20/2026, 11:09:55 PM	242.48	0.133	25.59	0.794
4/20/2026, 10:54:38 PM	247.67	0.126	17.11	0.55
4/20/2026, 10:39:37 PM	244.02	0.131	30.2	0.946
4/20/2026, 10:24:28 PM	244.63	0.136	21.28	0.641
4/20/2026, 10:09:28 PM	243.89	0.141	30.41	0.885
4/20/2026, 9:54:25 PM	243.97	0.146	21.1	0.595
4/20/2026, 9:39:24 PM	245.4	0.131	29.12	0.906
4/20/2026, 9:24:24 PM	245.88	0.139	26.95	0.789
4/20/2026, 9:09:07 PM	244.3	0.218	47.69	0.897
4/20/2026, 8:54:05 PM	245	0.219	41.55	0.775
4/20/2026, 8:39:05 PM	243.07	0.218	42.85	0.809
4/20/2026, 8:23:57 PM	243.47	0.227	51.7	0.936
4/20/2026, 8:08:53 PM	245.31	0.225	42.24	0.767
4/20/2026, 7:53:49 PM	243.39	0.227	41.2	0.747
4/20/2026, 7:23:38 PM	242.78	0.248	47.01	0.781
4/20/2026, 7:08:37 PM	241.52	0.36	47.76	0.55
4/20/2026, 6:53:34 PM	244.94	0.475	97.26	0.836
4/20/2026, 6:38:32 PM	237.97	4.177	789.23	0.794
4/20/2026, 6:23:32 PM	238.63	2.873	571.777048	0.834
4/20/2026, 6:08:27 PM	237.69	4.262	939	0.927
4/20/2026, 5:53:27 PM	235.09	6.02	1225.58	0.866
4/20/2026, 5:38:27 PM	230.27	5.498	1010.26	0.798
4/20/2026, 5:23:26 PM	232.54	6.811	1303.42	0.823
4/20/2026, 4:53:03 PM	235.12	4.605	595.41	0.55
4/20/2026, 4:23:02 PM	232.39	3.3	421.77	0.55
4/20/2026, 4:08:01 PM	234.09	2.994	421.86	0.602
4/20/2026, 3:53:01 PM	232.5	7.262	1538.09	0.911
4/20/2026, 3:37:58 PM	233.94	6.532	1485.26	0.972
4/20/2026, 3:22:47 PM	236.46	6.502	940.85	0.612
4/20/2026, 3:07:46 PM	231.75	6.49	903.92	0.601
4/20/2026, 2:52:41 PM	235.11	6.509	1354.31	0.885
4/20/2026, 2:37:40 PM	232.23	6.477	1173.22	0.78
4/20/2026, 2:22:39 PM	230.89	7.515	1023.69	0.59
4/20/2026, 2:07:26 PM	234.67	7.595	980.2	0.55
4/20/2026, 1:52:25 PM	231.94	7.596	968.95	0.55
4/20/2026, 1:37:24 PM	238.7	8.706	1548.13	0.745
4/20/2026, 1:22:24 PM	230.52	8.665	1314.28	0.658
4/20/2026, 1:07:17 PM	231.66	3.666	518.82	0.611
4/20/2026, 12:52:07 PM	239.95	3.741	700.15	0.78
4/20/2026, 12:22:00 PM	232.95	3.931	503.59	0.55
4/20/2026, 12:06:59 PM	234.72	3.994	515.6	0.55
4/20/2026, 11:51:56 AM	237.87	8.477	1629.23	0.808
4/20/2026, 11:36:52 AM	233.55	7.915	1645.12	0.89
4/20/2026, 11:21:49 AM	235.35	7.535	1296.31	0.731
4/20/2026, 11:06:44 AM	231.91	7.482	1499.08	0.864
4/20/2026, 10:51:36 AM	230.92	7.491	1141.62	0.66
4/20/2026, 10:36:35 AM	234.31	7.445	959.39	0.55
4/20/2026, 10:21:34 AM	232.68	7.533	1297.03	0.74
4/20/2026, 10:06:26 AM	239.87	7.483	1249.19	0.696
4/20/2026, 9:51:26 AM	237.92	7.49	980.09	0.55
4/20/2026, 9:36:24 AM	236.46	7.539	1565.13	0.878
4/20/2026, 9:21:13 AM	231.9	7.594	1146.38	0.651
4/20/2026, 9:06:12 AM	239.8	7.718	1017.87	0.55
4/20/2026, 8:51:11 AM	242.59	8.157	1088.32	0.55
4/20/2026, 8:21:09 AM	243.99	8.254	1574.79	0.782
4/20/2026, 8:05:56 AM	243.67	7.857	1696.19	0.886
4/20/2026, 7:50:53 AM	247.17	7.828	1387.22	0.717
4/20/2026, 7:35:48 AM	249.1	7.697	1614.31	0.842
4/20/2026, 7:20:45 AM	249.03	8.336	1849.57	0.891
4/20/2026, 7:05:45 AM	249.54	8.345	1484.74	0.713
4/20/2026, 6:50:37 AM	249.88	0.305	63.12	0.829
4/20/2026, 6:35:37 AM	246.34	0.523	80.35	0.624
4/20/2026, 6:20:35 AM	252.06	0.217	46.38	0.849
4/20/2026, 6:05:34 AM	251.01	0.277	38.19	0.55
4/20/2026, 5:50:34 AM	246.59	0.246	33.31	0.55
4/20/2026, 5:35:13 AM	244.57	0.244	35.67	0.599
4/20/2026, 5:20:13 AM	246.7	0.236	31.97	0.55
4/20/2026, 5:05:08 AM	253.59	0.243	55.93	0.909
4/20/2026, 4:50:08 AM	249.05	0.241	40.6	0.677
4/20/2026, 4:35:06 AM	249.19	0.223	48.74	0.878
4/20/2026, 4:20:05 AM	249.82	0.231	48.17	0.835
4/20/2026, 4:04:56 AM	248.58	0.224	50.71	0.912
4/20/2026, 3:49:51 AM	252.16	0.238	38.13	0.636
4/20/2026, 3:34:43 AM	251.46	0.24	33.18	0.55
4/20/2026, 3:19:43 AM	248.26	0.236	50.52	0.863
4/20/2026, 3:04:39 AM	251.56	0.233	32.23	0.55
4/20/2026, 2:49:35 AM	246.73	0.232	42.29	0.739
4/20/2026, 2:34:35 AM	249.95	0.227	44.79	0.79
4/20/2026, 2:19:26 AM	249.9	0.231	47.76	0.828
4/20/2026, 2:04:26 AM	250.67	0.233	45.7	0.783
4/20/2026, 1:49:13 AM	250.86	0.226	52.25	0.922
4/20/2026, 1:34:13 AM	249.55	0.234	36.7	0.629
4/20/2026, 1:19:09 AM	251.55	0.229	38.48	0.669
4/20/2026, 1:04:05 AM	251.2	0.23	37.56	0.651
4/20/2026, 12:49:05 AM	247.05	0.235	38.11	0.657
4/20/2026, 12:33:49 AM	250.64	0.246	53.02	0.861
4/20/2026, 12:18:48 AM	246.63	0.248	39	0.639
4/20/2026, 12:16:36 AM	244.96	1.178	195.91	0.679
4/20/2026, 12:03:47 AM	248.58	0.233	41.58	0.718
4/19/2026, 11:48:39 PM	246.34	0.221	29.92	0.55
4/19/2026, 11:33:39 PM	249.74	0.241	33.06	0.55
4/19/2026, 11:18:36 PM	245.21	0.236	31.75	0.55
4/19/2026, 11:03:35 PM	243.34	0.233	34.21	0.605
4/19/2026, 10:48:31 PM	245.62	0.273	61.01	0.911
4/19/2026, 10:33:25 PM	246.29	0.242	32.72	0.55
4/19/2026, 10:18:24 PM	247.67	0.24	55.72	0.939
4/19/2026, 10:03:17 PM	244.96	0.232	50.9	0.897
4/19/2026, 9:48:00 PM	247.03	0.242	47.99	0.803
4/19/2026, 9:33:00 PM	242.45	0.233	48.96	0.867
4/19/2026, 9:18:00 PM	247.72	0.236	50.61	0.866
4/19/2026, 9:02:58 PM	244.81	0.247	53.35	0.883
4/19/2026, 8:47:56 PM	242.52	0.215	41.89	0.804
4/19/2026, 8:32:52 PM	242.17	0.232	44.33	0.79
4/19/2026, 8:17:34 PM	248.01	0.241	38.95	0.652
4/19/2026, 7:47:30 PM	243.87	0.245	45.87	0.768
4/19/2026, 7:32:30 PM	249.09	0.293	58.45	0.802
4/19/2026, 7:17:29 PM	240.79	0.261	45.35	0.722
4/19/2026, 7:02:29 PM	241.24	0.632	107.62	0.706
4/19/2026, 6:47:17 PM	242.17	0.302	56.86	0.778
4/19/2026, 6:32:16 PM	239.44	0.313	55.75	0.744
4/19/2026, 6:17:15 PM	243.06	0.293	39.1	0.55
4/19/2026, 5:47:13 PM	243.13	1.336	209.48	0.645
4/19/2026, 5:32:12 PM	242.81	2.584	600.99	0.958
4/19/2026, 5:17:04 PM	244.44	2.916	616.47	0.865
4/19/2026, 5:01:42 PM	243.63	3.459	583.1	0.692
4/19/2026, 4:46:38 PM	248.78	1.116	268.95	0.969
4/19/2026, 4:31:38 PM	249.85	1.41	339.91	0.965
4/19/2026, 4:16:36 PM	244.96	1.178	195.934196	0.679
4/19/2026, 4:01:33 PM	248.24	1.33	253.51	0.768
4/19/2026, 3:46:32 PM	245.4	1.241	247.57	0.813
4/19/2026, 3:31:24 PM	245.95	1.545	260.98	0.687
4/19/2026, 3:16:16 PM	244.05	1.01	209.99	0.852
4/19/2026, 3:01:16 PM	246.51	1.215	252.43	0.843
4/19/2026, 2:46:13 PM	242.42	1.118	230.02	0.849
4/19/2026, 2:31:13 PM	244.73	1.42	312.04	0.898
4/19/2026, 2:16:11 PM	244.21	1.294	173.77	0.55
4/19/2026, 2:01:10 PM	243.5	1.178	157.75	0.55
4/19/2026, 1:46:01 PM	244.07	1.105	239.68	0.889
4/19/2026, 1:30:49 PM	246.24	1.279	302	0.959
4/19/2026, 1:15:49 PM	248.48	1.223	268.58	0.884
4/19/2026, 1:00:48 PM	241.41	1.02	215.42	0.875
4/19/2026, 12:45:47 PM	244.8	1.25	168.24	0.55
4/19/2026, 12:30:47 PM	243.76	1.172	233.97	0.819
4/19/2026, 12:15:42 PM	247.21	1.228	166.92	0.55
4/19/2026, 12:00:41 PM	242.63	1.328	177.18	0.55
4/19/2026, 11:45:40 AM	243.25	1.006	134.58	0.55
4/19/2026, 11:30:27 AM	246.28	1.064	151.68	0.579
4/19/2026, 11:15:27 AM	247.28	1.023	198.05	0.783
4/19/2026, 11:00:24 AM	245.43	1.097	147.99	0.55
4/19/2026, 10:45:23 AM	242.74	1.194	165.17	0.57
4/19/2026, 10:30:22 AM	245.5	1.261	273.29	0.883
4/19/2026, 10:15:21 AM	244.66	4.889	657.86	0.55
4/19/2026, 10:12:52 AM	245.11	0.24	41	0.698
4/19/2026, 9:59:59 AM	248.47	5.201	885.19	0.685
4/19/2026, 9:44:56 AM	245.03	1.002	220.63	0.899
4/19/2026, 9:29:56 AM	244.07	1.411	313.72	0.911
4/19/2026, 9:14:46 AM	247.7	1.223	290.47	0.959
4/19/2026, 8:59:45 AM	246.43	1.049	193.04	0.747
4/19/2026, 8:44:44 AM	246.88	1.199	258.05	0.872
4/19/2026, 8:29:43 AM	248.91	1.437	330.48	0.924
4/19/2026, 8:27:25 AM	242.61	0.223	29.69	0.55
4/19/2026, 8:14:42 AM	247.39	1.275	279.75	0.887
4/19/2026, 7:59:34 AM	248.05	1.152	264.86	0.927
4/19/2026, 7:44:34 AM	246.01	1.257	170.01	0.55
4/19/2026, 7:29:22 AM	249.67	1.101	186.84	0.68
4/19/2026, 7:14:22 AM	250.94	1.345	265.28	0.786
4/19/2026, 6:59:14 AM	249.71	1.277	272.25	0.854
4/19/2026, 6:44:14 AM	248.62	1.072	236.35	0.887
4/19/2026, 6:29:13 AM	246.57	1.292	175.15	0.55
4/19/2026, 6:14:12 AM	248.92	1.211	165.72	0.55
4/19/2026, 5:59:12 AM	250.08	1.675	399.94	0.955
4/19/2026, 5:56:47 AM	244.4	0.238	53.68	0.923
4/19/2026, 5:43:59 AM	247	1.49	202.34	0.55
4/19/2026, 5:41:43 AM	246.79	0.248	51.57	0.843
4/19/2026, 5:28:56 AM	245.14	0.249	33.56	0.55
4/19/2026, 5:13:55 AM	246.39	0.24	55.03	0.931
4/19/2026, 4:58:43 AM	247.89	0.256	45.81	0.722
4/19/2026, 4:43:43 AM	250.8	0.241	45.81	0.759
4/19/2026, 4:28:34 AM	247.5	0.235	51.15	0.881
4/19/2026, 4:13:34 AM	253.66	0.239	36.48	0.602
4/19/2026, 3:58:29 AM	251.13	0.225	46.81	0.83
4/19/2026, 3:43:27 AM	245.67	0.246	34.41	0.57
4/19/2026, 3:28:26 AM	245.74	0.225	50.47	0.913
4/19/2026, 3:13:26 AM	248.43	0.237	54.81	0.932
4/19/2026, 2:58:12 AM	250.09	0.24	53.13	0.886
4/19/2026, 2:43:04 AM	248.22	0.236	44.32	0.757
4/19/2026, 2:28:04 AM	245.45	0.243	35.2	0.591
4/19/2026, 2:12:52 AM	245.11	0.24	41.060827	0.698
4/19/2026, 2:10:44 AM	245.19	0.279	56.81	0.831
4/19/2026, 1:57:52 AM	246.41	0.23	31.09	0.55
4/19/2026, 1:42:51 AM	244.93	0.238	39.47	0.678
4/19/2026, 1:27:43 AM	241.53	0.235	31.2	0.55
4/19/2026, 1:12:42 AM	244.27	0.232	53.76	0.949
4/19/2026, 12:57:38 AM	248.15	0.234	38.65	0.666
4/19/2026, 12:42:34 AM	246.36	0.223	40.68	0.742
4/19/2026, 12:27:25 AM	242.61	0.223	29.756117	0.55
4/19/2026, 12:12:24 AM	247.43	0.232	44.81	0.782
4/18/2026, 11:57:23 PM	245.31	0.225	47.59	0.863
4/18/2026, 11:42:22 PM	243.86	0.229	54.2	0.971
4/18/2026, 11:40:01 PM	239.36	2.222	370.16	0.696
4/18/2026, 11:27:12 PM	249.13	0.23	31.47	0.55
4/18/2026, 11:12:04 PM	245.9	0.245	33.13	0.55
4/18/2026, 10:56:59 PM	245.57	0.225	32.54	0.59
4/18/2026, 10:41:57 PM	242.52	0.231	30.72	0.55
4/18/2026, 10:26:56 PM	242.24	0.249	46.95	0.779
4/18/2026, 10:11:55 PM	243.5	0.253	57.65	0.936
4/18/2026, 9:56:47 PM	244.4	0.238	53.688326	0.923
4/18/2026, 9:41:43 PM	246.79	0.248	51.594905	0.843
4/18/2026, 9:26:38 PM	244.86	0.238	32.04	0.55
4/18/2026, 9:11:34 PM	247.6	0.238	32.34	0.55
4/18/2026, 8:56:25 PM	240.72	0.232	43.75	0.785
4/18/2026, 8:41:21 PM	242.95	0.228	30.42	0.55
4/18/2026, 8:26:21 PM	242.68	0.223	29.72	0.55
4/18/2026, 8:11:17 PM	238.28	0.225	41.51	0.775
4/18/2026, 7:56:17 PM	242.79	0.229	42.12	0.759
4/18/2026, 7:41:13 PM	244.19	0.288	45.41	0.647
4/18/2026, 7:26:11 PM	239.71	0.305	40.14	0.55
4/18/2026, 7:11:00 PM	240.51	0.295	38.95	0.55
4/18/2026, 6:55:52 PM	241.34	0.297	69.07	0.964
4/18/2026, 6:40:51 PM	242.06	0.306	40.66	0.55
4/18/2026, 6:25:45 PM	241.55	0.306	65	0.88
4/18/2026, 6:10:44 PM	245.19	0.279	56.847056	0.831
4/18/2026, 5:55:44 PM	241.49	2.247	298.41	0.55
4/18/2026, 5:40:33 PM	240.94	1.962	282.61	0.598
4/18/2026, 5:25:32 PM	245.66	1.933	338.03	0.712
4/18/2026, 5:10:32 PM	240.42	2.464	325.75	0.55
4/18/2026, 4:55:29 PM	241.67	2.583	504.31	0.808
4/18/2026, 4:40:13 PM	243.24	2.149	287.41	0.55
4/18/2026, 4:25:12 PM	240.09	2.614	566.68	0.903
4/18/2026, 4:10:12 PM	243.85	2.285	450.13	0.808
4/18/2026, 3:55:08 PM	241.22	2.268	455.13	0.832
4/18/2026, 3:40:01 PM	239.36	2.222	370.173112	0.696
4/18/2026, 3:25:01 PM	240.28	2.499	491.76	0.819
4/18/2026, 3:09:57 PM	239.41	2.428	441.12	0.759
4/18/2026, 2:54:55 PM	244.21	2.471	512.87	0.85
4/18/2026, 2:39:55 PM	236.91	2.837	511.45	0.761
4/18/2026, 2:24:40 PM	238.72	3.112	493.94	0.665
4/18/2026, 2:09:37 PM	240.13	2.987	556.51	0.776
4/18/2026, 1:54:33 PM	243.09	3.096	413.86	0.55
4/18/2026, 1:39:32 PM	236.59	1.672	263.42	0.666
4/18/2026, 1:24:31 PM	238.38	2.691	414.39	0.646
4/18/2026, 1:09:30 PM	239.2	3.02	397.24	0.55
4/18/2026, 12:54:29 PM	242.05	4.886	910.6	0.77
4/18/2026, 12:39:28 PM	240.78	4.47	591.88	0.55
4/18/2026, 12:24:15 PM	240.77	0.699	119.42	0.71
4/18/2026, 12:09:14 PM	243.42	0.904	211.67	0.962
4/18/2026, 11:39:10 AM	241.55	0.877	193.32	0.913
4/18/2026, 11:23:55 AM	243.43	1.326	272.1	0.843
4/18/2026, 11:08:51 AM	235.52	3.028	562.62	0.789
4/18/2026, 10:53:48 AM	237.9	3.015	592.44	0.826
4/18/2026, 10:38:46 AM	232.21	3.223	515.62	0.689
4/18/2026, 10:23:45 AM	233.11	3.984	577.6	0.622
4/18/2026, 10:21:29 AM	248.86	0.222	30.35	0.55
4/18/2026, 10:08:43 AM	235.25	2.975	395.35	0.565
4/18/2026, 9:53:43 AM	239.87	2.973	681.01	0.955
4/18/2026, 9:38:24 AM	239.93	2.222	293.15	0.55
4/18/2026, 9:23:21 AM	238.99	2.382	396.14	0.696
4/18/2026, 9:08:19 AM	241.77	2.332	425.59	0.755
4/18/2026, 8:53:18 AM	241.74	1.174	228.11	0.804
4/18/2026, 8:38:17 AM	243.63	1.518	203.34	0.55
4/18/2026, 8:23:14 AM	244.65	1.564	259.79	0.679
4/18/2026, 8:08:12 AM	245.47	1.574	306.71	0.794
4/18/2026, 7:53:10 AM	246.66	0.998	172.5	0.701
4/18/2026, 7:37:58 AM	246.34	0.304	66.9	0.894
4/18/2026, 7:22:54 AM	249.02	0.389	61.71	0.638
4/18/2026, 7:07:54 AM	250.92	0.316	70.34	0.888
4/18/2026, 7:05:39 AM	245.06	0.207	45.49	0.897
4/18/2026, 6:52:51 AM	246.02	0.222	33	0.605
4/18/2026, 6:37:50 AM	246.77	0.278	62.15	0.907
4/18/2026, 6:22:49 AM	247.08	0.348	47.27	0.55
4/18/2026, 6:07:48 AM	251.43	0.342	61.32	0.714
4/18/2026, 6:05:23 AM	242.82	0.211	44.43	0.869
4/18/2026, 5:52:26 AM	248.96	0.298	72.43	0.977
4/18/2026, 5:37:23 AM	245.61	0.233	47.13	0.824
4/18/2026, 5:22:22 AM	251.47	0.231	48.63	0.838
4/18/2026, 5:07:16 AM	251.23	0.239	54.19	0.904
4/18/2026, 4:52:14 AM	248.05	0.239	51.2	0.865
4/18/2026, 4:37:14 AM	247.05	0.229	53.14	0.94
4/18/2026, 4:34:58 AM	239.68	0.223	43.81	0.821
4/18/2026, 4:22:09 AM	251.77	0.235	44.25	0.749
4/18/2026, 4:07:07 AM	250.93	0.234	44.3	0.756
4/18/2026, 3:52:06 AM	250.9	0.22	35.15	0.638
4/18/2026, 3:37:05 AM	250.82	0.221	30.48	0.55
4/18/2026, 3:21:46 AM	244.78	0.211	28.4	0.55
4/18/2026, 3:06:46 AM	246.88	0.223	51.13	0.93
4/18/2026, 2:51:46 AM	246.13	0.228	53.37	0.952
4/18/2026, 2:36:46 AM	245.66	0.215	28.98	0.55
4/18/2026, 2:21:29 AM	248.86	0.222	30.385806	0.55
4/18/2026, 2:06:27 AM	245.36	0.222	47.87	0.879
4/18/2026, 1:51:27 AM	246.43	0.22	29.75	0.55
4/18/2026, 1:36:19 AM	248.8	0.223	30.45	0.55
4/18/2026, 1:21:18 AM	248.37	0.221	44.04	0.804
4/18/2026, 1:06:09 AM	244.04	0.225	45.33	0.826
4/18/2026, 12:51:07 AM	246.76	0.224	38.69	0.701
4/18/2026, 12:48:54 AM	241.61	2.13	283.03	0.55
4/18/2026, 12:36:06 AM	243.82	0.225	34.03	0.621
4/18/2026, 12:21:05 AM	244.03	0.211	49.08	0.954
4/18/2026, 12:05:53 AM	249.01	0.212	48	0.911
4/17/2026, 11:50:52 PM	247.22	0.225	51.48	0.926
4/17/2026, 11:35:40 PM	245.82	0.222	29.95	0.55
4/17/2026, 11:20:40 PM	241.45	0.209	46.47	0.922
4/17/2026, 11:05:39 PM	245.06	0.207	45.502496	0.897
4/17/2026, 10:50:32 PM	243.08	0.203	42.65	0.865
4/17/2026, 10:35:32 PM	241.07	0.205	34.74	0.704
4/17/2026, 10:20:31 PM	243.36	0.216	28.9	0.55
4/17/2026, 10:05:23 PM	242.82	0.211	44.523232	0.869
4/17/2026, 9:50:23 PM	241.6	0.212	43.75	0.856
4/17/2026, 9:35:13 PM	240.9	0.221	37.2	0.699
4/17/2026, 9:20:13 PM	242.87	0.22	44.5	0.833
4/17/2026, 9:05:12 PM	241.82	0.246	51.27	0.863
4/17/2026, 8:50:11 PM	245.44	0.228	42.01	0.752
4/17/2026, 8:34:58 PM	239.68	0.223	43.881333	0.821
4/17/2026, 8:19:56 PM	242.83	0.228	48.01	0.868
4/17/2026, 8:04:49 PM	244.12	0.229	36.36	0.651
4/17/2026, 7:49:48 PM	242.06	0.241	43.28	0.743
4/17/2026, 7:34:46 PM	244.12	0.234	31.35	0.55
4/17/2026, 7:19:35 PM	241.22	0.289	44.01	0.632
4/17/2026, 7:04:34 PM	241.28	0.281	43.91	0.648
4/17/2026, 6:49:16 PM	241.4	0.834	110.71	0.55
4/17/2026, 6:34:15 PM	238.5	0.841	147.21	0.734
4/17/2026, 6:19:14 PM	246.3	0.869	125.4	0.586
4/17/2026, 6:04:14 PM	241.16	0.836	110.88	0.55
4/17/2026, 5:49:10 PM	240.2	1.685	253.71	0.627
4/17/2026, 5:34:10 PM	240.57	1.083	164.31	0.631
4/17/2026, 5:19:06 PM	242.01	1.891	251.67	0.55
4/17/2026, 5:04:00 PM	243.36	2.092	393.47	0.773
4/17/2026, 4:48:54 PM	241.61	2.13	283.046115	0.55
4/17/2026, 4:33:46 PM	243.19	2.345	381.43	0.669
4/17/2026, 4:18:43 PM	239.9	1.987	324.1	0.68
4/17/2026, 4:03:43 PM	245.29	2.215	361.81	0.666
4/17/2026, 3:48:38 PM	244.64	2.045	368.69	0.737
4/17/2026, 3:33:38 PM	240.07	2.203	414.07	0.783
4/17/2026, 3:18:25 PM	242.98	2.337	441.13	0.777
4/17/2026, 3:03:25 PM	239.3	1.819	239.34	0.55
4/17/2026, 2:48:24 PM	240.15	2.069	391.52	0.788
4/17/2026, 2:33:24 PM	238.41	1.129	221.16	0.822
4/17/2026, 2:18:20 PM	240.8	1.579	209.11	0.55
4/17/2026, 2:03:11 PM	240.9	1.827	242.01	0.55
4/17/2026, 1:48:11 PM	241.19	1.954	277.51	0.589
4/17/2026, 1:33:10 PM	239.67	2.273	299.58	0.55
4/17/2026, 1:18:09 PM	236.09	2.266	294.21	0.55
4/17/2026, 1:03:08 PM	239.39	2.444	321.71	0.55
4/17/2026, 12:48:07 PM	241.24	2.613	477.14	0.757
4/17/2026, 12:33:06 PM	244.53	2.311	310.76	0.55
4/17/2026, 12:18:05 PM	241.5	3.115	540.86	0.719
4/17/2026, 12:03:04 PM	244.32	2.298	532.2	0.948
4/17/2026, 11:47:58 AM	246.41	2.657	492.28	0.752
4/17/2026, 11:32:56 AM	243.26	2.248	497.59	0.91
4/17/2026, 11:17:51 AM	243.99	2.22	475.52	0.878
4/17/2026, 11:02:50 AM	241.26	2.452	435.39	0.736
4/17/2026, 10:47:50 AM	237.48	3.144	434.52	0.582
4/17/2026, 10:32:50 AM	240.15	2.993	619.54	0.862
4/17/2026, 10:17:48 AM	242.77	2.492	485.11	0.802
4/17/2026, 10:02:47 AM	239.86	3.009	442.34	0.613
4/17/2026, 9:47:46 AM	244.61	2.389	374.57	0.641
4/17/2026, 9:32:44 AM	243.23	0.926	156.07	0.693
4/17/2026, 9:17:35 AM	242.51	0.894	177.07	0.817
4/17/2026, 9:15:24 AM	248.93	0.239	49.73	0.836
4/17/2026, 9:02:34 AM	244.52	1.742	280.25	0.658
4/17/2026, 8:47:25 AM	242.07	1.907	253.88	0.55
4/17/2026, 8:32:18 AM	243.89	1.795	375.57	0.858
4/17/2026, 8:17:17 AM	242.12	2.348	388.81	0.684
4/17/2026, 8:02:08 AM	244.78	2.946	396.57	0.55
4/17/2026, 7:46:58 AM	247.31	0.949	192.4	0.82
4/17/2026, 7:31:57 AM	249.15	0.955	130.81	0.55
4/17/2026, 7:16:53 AM	248.33	0.945	129.01	0.55
4/17/2026, 7:01:45 AM	249.93	0.95	150.5	0.634
4/17/2026, 6:46:45 AM	249.37	0.949	174.6	0.738
4/17/2026, 6:31:38 AM	248.69	0.948	142.8	0.606
4/17/2026, 6:16:38 AM	246.53	0.955	183.31	0.779
4/17/2026, 6:01:35 AM	250.04	0.236	42.24	0.716
4/17/2026, 5:46:34 AM	250.47	0.248	54.96	0.886
4/17/2026, 5:31:26 AM	246	0.243	46.54	0.78
4/17/2026, 5:16:26 AM	251.66	0.244	39.63	0.646
4/17/2026, 5:01:14 AM	245.73	0.239	32.21	0.55
4/17/2026, 4:46:12 AM	249.27	0.246	33.66	0.55
4/17/2026, 4:31:12 AM	251.66	0.224	34.81	0.619
4/17/2026, 4:16:12 AM	246.86	0.234	36.71	0.637
4/17/2026, 4:00:54 AM	248.87	0.238	41.02	0.693
4/17/2026, 3:45:50 AM	251.13	0.232	42.81	0.735
4/17/2026, 3:30:41 AM	245.19	0.24	45.74	0.778
4/17/2026, 3:15:40 AM	245.8	0.236	53.8	0.928
4/17/2026, 3:00:35 AM	248.72	0.236	50.8	0.866
4/17/2026, 2:45:29 AM	248.4	0.236	53.1	0.906
4/17/2026, 2:30:29 AM	248.3	0.234	43.22	0.745
4/17/2026, 2:15:29 AM	246.15	0.244	50.24	0.838
4/17/2026, 2:00:28 AM	246.61	0.238	48.94	0.834
4/17/2026, 1:45:27 AM	249.18	0.224	30.61	0.55
4/17/2026, 1:30:26 AM	250.86	0.24	57.36	0.953
4/17/2026, 1:28:49 AM	234.81	1.634	316.5	0.825
4/17/2026, 1:15:24 AM	248.93	0.239	49.73721	0.836
4/17/2026, 1:00:24 AM	251.37	0.246	52.55	0.851
4/17/2026, 12:45:23 AM	247.43	0.246	59.56	0.98
4/17/2026, 12:30:22 AM	248.56	0.236	43.68	0.746
4/17/2026, 12:15:22 AM	246.1	0.234	35.01	0.609
4/17/2026, 12:00:21 AM	250.28	0.249	44.21	0.71
4/16/2026, 11:45:20 PM	244.59	0.232	33.15	0.585
4/16/2026, 11:30:20 PM	245.17	0.234	53.24	0.929
4/16/2026, 11:15:18 PM	242.98	0.244	53.65	0.906
4/16/2026, 11:00:09 PM	243.57	0.244	56.19	0.946
4/16/2026, 10:45:00 PM	246.01	0.227	40.35	0.724
4/16/2026, 10:29:59 PM	245.46	0.238	52.08	0.893
4/16/2026, 10:14:55 PM	244.77	0.232	39.28	0.693
4/16/2026, 9:59:40 PM	244.94	0.233	50.91	0.893
4/16/2026, 9:44:36 PM	241.63	0.235	45.92	0.809
4/16/2026, 9:29:35 PM	244.4	0.243	51.69	0.871
4/16/2026, 9:14:33 PM	240.92	0.241	42.13	0.726
4/16/2026, 8:59:24 PM	240.98	0.231	30.6	0.55
4/16/2026, 8:44:23 PM	242.89	0.229	31.86	0.574
4/16/2026, 8:29:16 PM	245.04	0.239	32.13	0.55
4/16/2026, 8:14:15 PM	241.45	0.23	48.04	0.866
4/16/2026, 7:59:15 PM	239.97	0.301	46.46	0.644
4/16/2026, 7:44:15 PM	240.85	0.302	45.15	0.621
4/16/2026, 7:29:14 PM	240.21	0.306	67.43	0.918
4/16/2026, 7:14:14 PM	238.41	0.315	68.86	0.917
4/16/2026, 6:59:13 PM	241.3	0.368	78.08	0.88
4/16/2026, 6:44:12 PM	241.34	0.626	100.43	0.665
4/16/2026, 6:29:00 PM	240.85	1.212	182.95	0.627
4/16/2026, 6:13:54 PM	237.26	1.855	407.93	0.927
4/16/2026, 5:58:53 PM	240.63	1.622	322.71	0.827
4/16/2026, 5:43:52 PM	233.18	1.895	379.04	0.858
4/16/2026, 5:28:49 PM	234.81	0.634	122.817371	0.825
4/16/2026, 5:13:48 PM	236.98	6.629	1459.35	0.929
4/16/2026, 4:58:47 PM	237.44	6.596	1249.71	0.798
4/16/2026, 2:58:43 PM	239.2	8.554	1818.97	0.889
4/16/2026, 2:43:42 PM	238.86	8.569	1162.57	0.568
4/16/2026, 1:28:25 PM	231.47	2.82	385.74	0.591
4/16/2026, 1:13:20 PM	237.97	2.857	605.04	0.89
4/16/2026, 12:58:09 PM	240.36	2.912	624.31	0.892
4/16/2026, 12:43:09 PM	239.2	2.89	609.63	0.882
4/16/2026, 12:28:06 PM	238.33	2.982	643.15	0.905
4/16/2026, 12:12:53 PM	240.44	4.469	744.6	0.693
4/16/2026, 11:57:53 AM	239.94	6.077	1361.86	0.934
4/16/2026, 11:42:52 AM	237.45	5.723	760.94	0.56
4/16/2026, 11:27:39 AM	233.75	4.864	942.46	0.829
4/16/2026, 11:12:27 AM	231.45	4.913	725.42	0.638
4/16/2026, 10:57:21 AM	234.98	5.363	1013.13	0.804
4/16/2026, 10:42:16 AM	233.3	6.619	1289.39	0.835
4/16/2026, 10:27:14 AM	233.95	5.227	1077.25	0.881
4/16/2026, 10:12:13 AM	237.13	3.504	599.06	0.721
4/16/2026, 9:57:13 AM	237.36	5.631	769.85	0.576
4/16/2026, 9:42:12 AM	237.69	5.631	1112.17	0.831
4/16/2026, 9:27:11 AM	239.82	5.621	862.65	0.64
4/16/2026, 9:12:10 AM	236.44	5.599	1006.08	0.76
4/16/2026, 8:57:10 AM	239.26	7.877	1232.52	0.654
4/16/2026, 8:42:08 AM	240.5	3.853	562.43	0.607
4/15/2026, 8:56:55 PM	250.96	0.109	24.22	0.886
4/15/2026, 5:56:45 PM	244.19	0.516	106.08	0.842
4/15/2026, 5:39:50 PM	246.14	0.412	67.11	0.662
4/15/2026, 5:31:52 PM	241.41	0.364	70.1	0.798
4/15/2026, 5:03:50 PM	243.69	0.356	69.12	0.797
4/15/2026, 4:24:39 PM	241.26	0.352	80	0.943
4/15/2026, 7:30:43 AM	247.72	6.051	1217.09	0.812
4/15/2026, 7:00:36 AM	247.12	0.702	134.37	0.775
4/15/2026, 6:45:30 AM	244.22	0.559	113.26	0.83
4/15/2026, 6:30:25 AM	244.96	0.584	89.67	0.627
4/15/2026, 6:15:10 AM	245.92	0.583	133.86	0.934
4/15/2026, 6:00:07 AM	244.85	0.582	104.93	0.737
4/15/2026, 5:45:07 AM	245.1	0.126	17.28	0.562
4/15/2026, 5:30:06 AM	245.07	0.127	25.05	0.806
4/15/2026, 5:15:00 AM	247.99	0.122	16.6	0.55
4/15/2026, 4:59:55 AM	245.07	0.13	26.9	0.847
4/15/2026, 4:44:42 AM	250.23	0.129	23.97	0.744
4/15/2026, 4:29:42 AM	250.17	0.124	23.61	0.763
4/15/2026, 4:14:41 AM	250.42	0.128	29.78	0.93
4/15/2026, 3:59:35 AM	248.61	0.119	18.84	0.64
4/15/2026, 3:44:20 AM	247.11	0.124	22.49	0.736
4/15/2026, 3:29:15 AM	244.3	0.124	28.11	0.929
4/15/2026, 3:14:04 AM	243.73	0.147	27.45	0.768
4/15/2026, 2:58:58 AM	247.48	0.146	26.03	0.721
4/15/2026, 2:43:56 AM	250.72	0.124	25.71	0.83
4/15/2026, 2:28:47 AM	248.12	0.144	19.66	0.552
4/15/2026, 2:13:44 AM	249.07	0.132	29.48	0.898
4/15/2026, 1:58:44 AM	245.14	0.128	24.36	0.777
4/15/2026, 1:43:37 AM	248.76	0.13	17.99	0.558
4/15/2026, 1:28:22 AM	248.34	0.125	24.32	0.785
4/15/2026, 1:13:21 AM	248.22	0.122	21.58	0.714
4/15/2026, 12:58:11 AM	249.81	0.116	26.83	0.927
4/15/2026, 12:43:10 AM	245.24	0.124	26.69	0.878
4/15/2026, 12:28:08 AM	249.79	0.131	31.04	0.95
4/15/2026, 12:13:02 AM	246.51	0.131	30.28	0.938
4/14/2026, 11:57:47 PM	247.99	0.13	27.63	0.859
4/14/2026, 11:42:42 PM	243.65	0.13	29.57	0.935
4/14/2026, 11:27:35 PM	243.45	0.126	21.05	0.687
4/14/2026, 11:12:29 PM	240.61	0.123	23.53	0.796
4/14/2026, 10:57:27 PM	243.97	0.128	25.69	0.825
4/14/2026, 10:42:13 PM	245.83	0.127	28.07	0.901
4/14/2026, 10:27:12 PM	241.62	0.127	24.16	0.788
4/14/2026, 10:12:09 PM	241.48	0.133	21.53	0.672
4/14/2026, 9:57:08 PM	241.82	0.125	24.91	0.827
4/14/2026, 9:41:53 PM	245.98	0.118	19.87	0.687
4/14/2026, 9:26:52 PM	242.04	0.131	29.4	0.928
4/14/2026, 9:11:45 PM	244.76	0.122	24.34	0.817
4/14/2026, 8:56:45 PM	245.23	0.118	26.09	0.902
4/14/2026, 8:41:29 PM	246.12	0.122	18.79	0.628
4/14/2026, 8:26:29 PM	245.11	0.125	16.79	0.55
4/14/2026, 8:11:22 PM	246.68	0.129	21.5	0.677
4/14/2026, 7:56:18 PM	246.03	0.234	48.71	0.847
4/14/2026, 7:41:10 PM	244.91	0.171	33.27	0.795
4/14/2026, 7:26:09 PM	248.01	0.21	30.35	0.583
4/14/2026, 7:11:08 PM	241.55	0.261	38.75	0.615
4/14/2026, 6:55:50 PM	243.57	0.401	84.06	0.861
4/14/2026, 6:40:47 PM	243.61	0.381	86.48	0.932
4/14/2026, 6:25:47 PM	241.06	0.362	69.09	0.792
4/14/2026, 6:10:41 PM	238.97	0.602	102.11	0.71
4/14/2026, 5:55:32 PM	238.52	8.682	1476.45	0.713
4/14/2026, 5:40:26 PM	238.7	8.57	1125.06	0.55
4/14/2026, 5:25:25 PM	240.87	8.438	1695.05	0.834
4/14/2026, 5:10:16 PM	236.35	8.466	1594.71	0.797
4/14/2026, 4:55:11 PM	236.17	8.513	1662.62	0.827
4/14/2026, 4:40:06 PM	236.98	8.446	1471.1	0.735
4/14/2026, 4:25:05 PM	239.86	8.389	1189.16	0.591
4/14/2026, 4:10:04 PM	237.65	8.372	1094.24	0.55
4/14/2026, 3:55:03 PM	233.66	8.343	1341.13	0.688
4/14/2026, 3:39:59 PM	235.1	8.378	1479.17	0.751
4/14/2026, 3:24:56 PM	233.19	8.36	1218.37	0.625
4/14/2026, 3:09:55 PM	232.17	8.364	1067.97	0.55
4/14/2026, 2:54:42 PM	232.57	8.371	1576.88	0.81
4/14/2026, 2:39:39 PM	233.11	8.401	1077.06	0.55
4/14/2026, 2:24:38 PM	235.94	8.413	1456.93	0.734
4/14/2026, 2:09:34 PM	231.89	8.38	1513.74	0.779
4/14/2026, 1:54:34 PM	232	8.372	1876.23	0.966
4/14/2026, 1:39:21 PM	228.96	8.363	1236.88	0.646
4/14/2026, 1:24:20 PM	230.81	8.363	1061.59	0.55
4/14/2026, 1:09:09 PM	236.35	0.465	104.37	0.95
4/14/2026, 12:54:08 PM	236.29	0.401	74.26	0.784
4/14/2026, 12:39:07 PM	235.11	0.409	52.8	0.55
4/14/2026, 12:24:05 PM	233.38	0.437	73.99	0.726
4/14/2026, 12:09:04 PM	238.74	0.443	90.44	0.856
4/14/2026, 11:54:03 AM	232.03	3.436	699.95	0.878
4/14/2026, 11:38:54 AM	234.4	5.413	1155.82	0.911
4/14/2026, 11:34:30 AM	248.5	0.606	136.53	0.907
4/14/2026, 11:23:54 AM	230.56	8.424	1483.86	0.764
4/14/2026, 11:08:50 AM	232.67	8.423	1593.27	0.813
4/14/2026, 10:53:49 AM	232.38	8.421	1765.01	0.902
4/14/2026, 10:38:48 AM	236.44	8.444	1293.69	0.648
4/14/2026, 10:23:46 AM	232.45	8.472	1083.06	0.55
4/14/2026, 8:36:34 AM	234.12	9.955	1995	0.856
4/14/2026, 8:21:33 AM	234.47	13.114	2810.31	0.914
4/14/2026, 8:06:16 AM	235.23	13.014	2249.96	0.735
4/14/2026, 7:51:13 AM	243.21	3.087	458.69	0.611
4/14/2026, 7:36:12 AM	243.53	6.637	1226.73	0.759
4/14/2026, 7:21:00 AM	246.96	2.42	544.98	0.912
4/14/2026, 7:05:59 AM	249.48	0.194	33	0.683
4/14/2026, 6:50:48 AM	250.94	0.787	186.96	0.947
4/14/2026, 6:35:40 AM	248.45	0.745	173.91	0.94
4/14/2026, 6:20:35 AM	250.05	0.745	176.17	0.946
4/14/2026, 6:05:34 AM	250.74	0.742	146.17	0.786
4/14/2026, 6:03:18 AM	245.99	0.603	139.83	0.943
4/14/2026, 5:50:33 AM	248.25	0.601	82	0.55
4/14/2026, 5:35:17 AM	251.21	0.593	99.93	0.671
4/14/2026, 5:20:16 AM	248.3	0.609	112.45	0.744
4/14/2026, 4:50:04 AM	248.02	0.603	123.74	0.828
4/14/2026, 4:34:57 AM	252.85	0.597	90.63	0.601
4/14/2026, 4:19:51 AM	251.98	0.598	104.96	0.697
4/14/2026, 4:04:43 AM	252.71	0.594	137.73	0.918
4/14/2026, 3:49:43 AM	248.88	0.596	127.95	0.863
4/14/2026, 3:34:30 AM	248.5	0.106	23.891287	0.907
4/14/2026, 3:19:30 AM	248.34	0.614	114.8	0.753
4/14/2026, 3:04:28 AM	252.36	0.595	140.8	0.938
4/14/2026, 2:49:09 AM	250.22	0.597	128.89	0.863
4/14/2026, 2:34:03 AM	253.06	0.592	88.35	0.59
4/14/2026, 2:18:54 AM	248.28	0.603	89.76	0.6
4/14/2026, 2:03:54 AM	249.23	0.591	137.63	0.935
4/14/2026, 1:48:49 AM	248.33	0.601	140.09	0.939
4/14/2026, 1:33:41 AM	247.85	0.593	135.04	0.919
4/14/2026, 1:18:40 AM	251.73	0.586	110.74	0.751
4/14/2026, 1:03:33 AM	247.1	0.589	80.03	0.55
4/14/2026, 12:48:27 AM	250.87	0.596	132.58	0.887
4/14/2026, 12:33:27 AM	253.86	0.597	132.84	0.877
4/14/2026, 12:18:26 AM	250.97	0.593	136.43	0.917
4/14/2026, 12:03:26 AM	245.42	0.59	131.1	0.906
4/13/2026, 11:48:25 PM	245.52	0.6	96.04	0.652
4/13/2026, 11:33:25 PM	245.29	0.601	81.06	0.55
4/13/2026, 11:18:24 PM	246.37	0.699	163.2	0.948
4/13/2026, 11:03:24 PM	243.32	0.696	156.6	0.925
4/13/2026, 10:48:23 PM	248.96	0.694	145.56	0.843
4/13/2026, 10:33:20 PM	245.25	0.694	162.12	0.953
4/13/2026, 10:18:20 PM	245.88	0.612	136.17	0.905
4/13/2026, 10:03:18 PM	245.99	0.103	23.892763	0.943
4/13/2026, 9:48:13 PM	249.28	0.62	89.9	0.582
4/13/2026, 9:33:12 PM	246.34	0.608	127.45	0.851
4/13/2026, 9:18:12 PM	248.26	0.61	88.69	0.586
4/13/2026, 9:03:11 PM	246.69	0.687	140.59	0.83
4/13/2026, 8:48:11 PM	246.57	0.689	146.37	0.862
4/13/2026, 8:33:09 PM	240.74	0.699	103.92	0.618
4/13/2026, 8:18:09 PM	242.7	0.694	92.57	0.55
4/13/2026, 8:03:08 PM	247.02	0.635	118.24	0.754
4/13/2026, 7:48:08 PM	245.49	0.699	115.07	0.671
4/13/2026, 7:33:02 PM	244.41	7.202	1582.42	0.899
4/13/2026, 7:18:01 PM	244.99	8.277	1551.22	0.765
4/13/2026, 7:02:50 PM	245.24	9.19	1266.55	0.562
4/13/2026, 6:47:35 PM	243.56	9.268	1460.45	0.647
4/13/2026, 6:32:24 PM	238.56	9.222	1275.94	0.58
4/13/2026, 6:17:17 PM	239.55	9.347	1985.98	0.887
4/13/2026, 6:02:12 PM	238.3	9.373	1677.39	0.751
4/13/2026, 5:47:11 PM	235.7	10.388	1346.61	0.55
4/13/2026, 5:32:10 PM	238.33	9.361	1240.37	0.556
4/13/2026, 5:17:05 PM	236.99	9.4	1744.21	0.783
4/13/2026, 11:46:33 AM	233.02	8.953	1147.35	0.55
4/13/2026, 11:31:14 AM	236.84	8.039	1467.92	0.771
4/13/2026, 11:16:04 AM	230.43	8.001	1563.34	0.848
4/13/2026, 9:30:41 AM	240.58	9.519	1360.22	0.594
4/13/2026, 9:29:32 AM	238.46	11.804	2113.81	0.751
4/13/2026, 8:59:30 AM	236.79	8.031	1045.87	0.55
4/13/2026, 7:49:56 AM	246.5	8.135	1572.11	0.784
4/13/2026, 7:28:54 AM	242.77	9.258	1798.01	0.8
4/13/2026, 7:13:53 AM	240.53	8.038	1063.29	0.55
4/13/2026, 6:58:53 AM	243.09	0.502	108.22	0.887
4/13/2026, 6:43:52 AM	238.84	0.551	72.33	0.55
4/13/2026, 6:28:51 AM	241.98	0.48	87.06	0.75
4/13/2026, 6:13:37 AM	241.29	0.503	97.09	0.8
4/13/2026, 5:58:28 AM	243.22	0.487	103.58	0.875
4/13/2026, 5:43:22 AM	243.88	0.387	77.99	0.827
4/13/2026, 5:28:16 AM	241.17	0.396	57.84	0.606
4/13/2026, 5:13:14 AM	242.08	0.399	85.03	0.881
4/13/2026, 4:58:14 AM	243.33	0.396	85.64	0.889
4/13/2026, 4:42:59 AM	243.41	0.41	92.06	0.923
4/13/2026, 4:27:58 AM	244.39	0.407	72.86	0.733
4/13/2026, 4:12:52 AM	248.3	0.411	66.07	0.648
4/13/2026, 3:57:51 AM	243.76	0.403	80.47	0.82
4/13/2026, 3:42:37 AM	244.9	0.394	88.56	0.918
4/13/2026, 3:27:31 AM	247.86	0.396	74.09	0.755
4/13/2026, 3:12:29 AM	249.44	0.393	89.1	0.909
4/13/2026, 2:57:19 AM	246.99	0.396	90.78	0.929
4/13/2026, 2:42:18 AM	247.18	0.394	53.52	0.55
4/13/2026, 2:27:18 AM	247.3	0.39	77.97	0.809
4/13/2026, 2:12:03 AM	243.12	0.376	82.71	0.905
4/13/2026, 1:57:01 AM	247.7	0.394	78.88	0.809
4/13/2026, 1:41:59 AM	243.03	0.391	79.8	0.84
4/13/2026, 1:39:40 AM	243.24	0.399	85.63	0.883
4/13/2026, 1:26:59 AM	246.22	0.384	62.82	0.665
4/13/2026, 1:11:44 AM	244.8	0.391	85.45	0.893
4/13/2026, 12:56:40 AM	243.58	0.391	74.51	0.783
4/13/2026, 12:41:38 AM	245.93	0.389	72.26	0.756
4/13/2026, 12:26:28 AM	246.17	0.389	68.2	0.713
4/13/2026, 12:11:22 AM	244.98	0.394	84.1	0.872
4/12/2026, 11:56:16 PM	241.64	0.396	89.63	0.937
4/12/2026, 11:41:14 PM	243.22	0.396	70.9	0.737
4/12/2026, 11:26:14 PM	241.82	0.388	61.71	0.658
4/12/2026, 11:10:51 PM	245.08	0.385	85.27	0.904
4/12/2026, 10:55:50 PM	244.53	0.393	88.21	0.918
4/12/2026, 10:40:48 PM	241.54	0.39	85.42	0.907
4/12/2026, 10:25:47 PM	243.96	0.4	71.11	0.729
4/12/2026, 10:10:29 PM	241.28	0.388	80	0.855
4/12/2026, 9:55:28 PM	239.77	0.4	81.16	0.847
4/12/2026, 9:40:16 PM	240.91	0.389	79.59	0.85
4/12/2026, 9:25:16 PM	239.9	0.397	86.84	0.912
4/12/2026, 9:10:05 PM	243.41	0.404	54.07	0.55
4/12/2026, 8:55:04 PM	239.21	0.384	50.43	0.55
4/12/2026, 8:39:58 PM	236.75	0.392	53.78	0.58
4/12/2026, 8:24:57 PM	239.26	0.389	84.58	0.909
4/12/2026, 8:09:56 PM	241.98	0.394	65.66	0.689
4/12/2026, 7:54:51 PM	242.07	0.4	84.45	0.873
4/12/2026, 7:39:50 PM	239.68	0.393	51.73	0.55
4/12/2026, 7:24:48 PM	235.28	0.397	68.86	0.738
4/12/2026, 7:09:47 PM	240.35	0.395	75.04	0.791
4/12/2026, 6:54:46 PM	240.32	0.387	83.06	0.894
4/12/2026, 6:39:44 PM	234.06	0.394	74.25	0.806
4/12/2026, 6:24:43 PM	234.92	0.386	49.83	0.55
4/12/2026, 6:09:42 PM	230.13	0.389	56.82	0.635
4/12/2026, 5:54:41 PM	233.97	0.391	77.97	0.853
4/12/2026, 5:39:40 PM	243.24	0.091	19.545064	0.883
4/12/2026, 5:52:41 AM	240.98	0.389	78.09	0.834
4/12/2026, 5:37:20 AM	244.96	0.398	83.2	0.854
4/12/2026, 5:22:19 AM	244.36	0.412	65.91	0.655
4/12/2026, 5:07:19 AM	244.13	0.403	72.89	0.741
4/12/2026, 4:52:18 AM	245.72	0.392	80.08	0.832
4/12/2026, 4:37:13 AM	242.02	0.393	83.31	0.876
4/12/2026, 4:22:07 AM	246.36	0.4	79.74	0.81
4/12/2026, 4:07:03 AM	244.9	0.405	87.55	0.883
4/12/2026, 3:52:02 AM	245.94	0.396	90.46	0.929
4/12/2026, 3:37:01 AM	246.13	0.387	84.06	0.883
4/12/2026, 3:21:59 AM	243.55	0.395	90.26	0.939
4/12/2026, 3:06:58 AM	243.56	0.404	54.05	0.55
4/12/2026, 2:51:48 AM	243.61	0.309	65.02	0.865
4/12/2026, 2:36:47 AM	243.09	0.394	89.06	0.93
4/12/2026, 2:21:42 AM	241.95	0.397	73.5	0.766
4/12/2026, 2:06:41 AM	242.06	0.394	66.86	0.702
4/12/2026, 1:51:39 AM	244.6	0.394	76.04	0.79
4/12/2026, 1:36:38 AM	239.99	0.504	98.77	0.817
4/12/2026, 1:21:36 AM	241.88	0.503	92.06	0.757
4/12/2026, 1:06:35 AM	239.87	0.504	108.23	0.896
4/12/2026, 12:51:34 AM	238.08	0.5	104.44	0.878
4/12/2026, 12:36:32 AM	236.82	0.393	81.27	0.874
4/12/2026, 12:21:31 AM	242.63	0.396	68.47	0.713
4/12/2026, 12:06:30 AM	240.46	0.501	116.78	0.97
4/11/2026, 11:51:14 PM	239.35	0.502	107.24	0.893
4/11/2026, 11:36:14 PM	242.9	0.504	67.28	0.55
4/11/2026, 11:21:13 PM	237.3	0.395	53.88	0.575
4/11/2026, 11:05:59 PM	240.16	0.396	86.59	0.911
4/11/2026, 10:50:58 PM	240.32	0.309	58.03	0.782
4/11/2026, 10:35:58 PM	237.13	0.504	107.47	0.9
4/11/2026, 10:20:46 PM	240.69	0.505	87.01	0.716
4/11/2026, 10:05:35 PM	241.67	0.502	113.35	0.935
4/11/2026, 9:50:34 PM	242.51	0.399	53.19	0.55
4/11/2026, 9:35:29 PM	238.87	0.399	52.4	0.55
4/11/2026, 9:20:23 PM	238.94	0.393	54.86	0.585
4/11/2026, 9:05:21 PM	241.81	0.087	19.01	0.904
4/11/2026, 8:50:19 PM	237.55	0.395	83.61	0.892
4/11/2026, 8:34:54 PM	236.82	0.388	83.37	0.908
4/11/2026, 8:19:52 PM	235.53	0.386	51.46	0.567
4/11/2026, 8:04:52 PM	243.28	0.384	51.65	0.553
4/11/2026, 7:49:41 PM	240.23	0.379	83.72	0.92
4/11/2026, 7:34:41 PM	236.81	0.391	66.37	0.717
4/11/2026, 7:19:26 PM	237.24	0.384	68.86	0.756
4/11/2026, 7:04:25 PM	236.37	0.387	81.65	0.893
4/11/2026, 6:34:23 PM	237.83	0.388	77.21	0.837
4/11/2026, 6:19:13 PM	238.67	0.309	40.54	0.55
4/11/2026, 6:03:46 PM	238.76	0.386	75.02	0.815
4/11/2026, 5:48:45 PM	234.94	0.309	41.27	0.569
4/11/2026, 5:33:41 PM	237.38	0.301	39.45	0.553
4/11/2026, 5:18:41 PM	240.84	0.297	50.62	0.708
4/11/2026, 5:03:40 PM	239.48	0.29	38.17	0.55
4/11/2026, 4:48:40 PM	239.88	0.461	68.99	0.624
4/11/2026, 4:33:19 PM	238.63	0.475	95.42	0.842
4/11/2026, 4:18:19 PM	241.47	0.473	103.58	0.907
4/11/2026, 4:03:03 PM	243.64	0.472	91.22	0.794
4/11/2026, 3:48:03 PM	242.25	0.485	112.73	0.96
4/11/2026, 3:33:02 PM	236.24	0.494	93.23	0.799
4/11/2026, 3:17:50 PM	238.63	0.495	108.05	0.915
4/11/2026, 3:02:45 PM	235.94	0.486	92.98	0.811
4/11/2026, 2:47:44 PM	232.54	0.511	67.45	0.568
4/11/2026, 2:32:43 PM	236.68	0.491	80.72	0.695
4/11/2026, 2:17:30 PM	233.63	0.547	96.44	0.755
4/11/2026, 2:02:28 PM	234.2	0.496	106.73	0.919
4/11/2026, 1:47:27 PM	233.55	0.523	67.16	0.55
4/11/2026, 1:32:16 PM	234.33	0.519	92.84	0.764
4/11/2026, 1:17:11 PM	236.89	0.504	89.85	0.753
4/11/2026, 1:02:05 PM	244.7	0.511	74.1	0.593
4/11/2026, 12:47:02 PM	237.77	0.522	79.05	0.637
4/11/2026, 12:32:00 PM	241.9	0.507	105.79	0.863
4/11/2026, 12:16:59 PM	242.9	0.5	85.12	0.701
4/11/2026, 12:01:58 PM	242.07	0.481	88.06	0.757
4/11/2026, 11:46:57 AM	242.2	0.494	81.34	0.68
4/11/2026, 11:31:45 AM	241.49	0.497	105.18	0.877
4/11/2026, 11:16:44 AM	241.49	0.467	63.78	0.566
4/11/2026, 11:01:43 AM	241.14	0.455	63.15	0.576
4/11/2026, 10:46:42 AM	238.1	0.467	82.02	0.738
4/11/2026, 9:42:37 AM	240.28	0.46	102.88	0.931
4/11/2026, 9:27:35 AM	239.16	0.493	101.19	0.859
4/11/2026, 8:14:47 AM	237.52	0.517	85.65	0.698
4/11/2026, 7:59:42 AM	238.01	0.503	99.68	0.833
4/11/2026, 7:44:36 AM	242.2	0.47	62.53	0.55
4/11/2026, 7:29:31 AM	243.81	0.468	102.16	0.896
4/11/2026, 7:14:25 AM	242.29	0.457	94.11	0.85
4/11/2026, 6:59:20 AM	241.56	0.492	101.53	0.855
4/11/2026, 6:44:19 AM	240.87	0.496	87.41	0.732
4/11/2026, 6:29:13 AM	242	0.49	112.11	0.946
4/11/2026, 6:14:07 AM	244.78	0.471	69.6	0.604
4/11/2026, 5:58:57 AM	239.77	0.48	99.02	0.861
4/11/2026, 5:43:51 AM	241.56	0.391	72.41	0.767
4/11/2026, 5:28:46 AM	244.26	0.382	60.2	0.646
4/11/2026, 5:13:45 AM	241.83	0.383	83.16	0.898
4/11/2026, 4:58:35 AM	243.63	0.382	86.83	0.934
4/11/2026, 4:43:29 AM	242.1	0.381	83.28	0.903
4/11/2026, 4:28:29 AM	244.84	0.383	84.97	0.907
4/11/2026, 4:13:13 AM	241.79	0.395	52.5	0.55
4/11/2026, 3:58:08 AM	244.03	0.382	84.37	0.906
4/11/2026, 3:42:58 AM	245.15	0.384	82.58	0.878
4/11/2026, 3:27:57 AM	241.47	0.392	74.47	0.787
4/11/2026, 3:12:56 AM	244.9	0.399	76.39	0.782
4/11/2026, 2:57:55 AM	243.99	0.386	90.69	0.963
4/11/2026, 2:42:44 AM	241.61	0.389	88.75	0.945
4/11/2026, 2:27:34 AM	240.94	0.381	78.97	0.861
4/11/2026, 2:12:33 AM	243.09	0.376	70.88	0.776
4/11/2026, 1:57:33 AM	242.91	0.376	62.42	0.684
4/11/2026, 1:42:27 AM	243.83	0.38	88.87	0.96
4/11/2026, 1:27:27 AM	241.24	0.398	93.95	0.979
4/11/2026, 1:12:11 AM	244.76	0.287	59.58	0.849
4/11/2026, 12:57:10 AM	242.74	0.288	66.06	0.946
4/11/2026, 12:42:10 AM	242.13	0.273	56.66	0.858
4/11/2026, 12:27:00 AM	243.41	0.275	60.14	0.899
4/11/2026, 12:11:59 AM	240.82	0.283	49.93	0.733
4/10/2026, 11:56:58 PM	239.93	0.283	49.89	0.735
4/10/2026, 11:41:42 PM	237.82	0.292	59	0.85
4/10/2026, 11:26:42 PM	242.12	0.282	60.28	0.883
4/10/2026, 11:11:34 PM	243.56	0.285	64.88	0.935
4/10/2026, 10:56:34 PM	242.64	0.181	37.11	0.846
4/10/2026, 10:41:32 PM	239.07	0.179	33.82	0.792
4/10/2026, 10:26:30 PM	236.08	0.281	60	0.905
4/10/2026, 10:11:10 PM	237.24	0.283	66.08	0.985
4/10/2026, 9:56:42 PM	235.91	0.818	141.97	0.736
4/10/2026, 9:55:54 PM	240.16	0.293	62.52	0.889
4/10/2026, 9:40:49 PM	236.37	0.297	49.05	0.7
4/10/2026, 9:25:48 PM	234.55	0.299	61.23	0.874
4/10/2026, 9:10:47 PM	238.02	0.296	38.66	0.55
4/10/2026, 8:55:38 PM	239.47	0.293	54.62	0.779
4/10/2026, 8:40:37 PM	242.99	0.297	57.29	0.795
4/10/2026, 8:25:31 PM	236.82	0.209	40.08	0.81
4/10/2026, 8:10:15 PM	234.71	0.297	61.09	0.877
4/10/2026, 7:55:14 PM	234.46	0.297	51.67	0.743
4/10/2026, 7:40:13 PM	242.02	0.292	63.45	0.899
4/10/2026, 7:25:13 PM	236.94	0.289	54.94	0.803
4/10/2026, 7:10:04 PM	237.33	0.284	37.72	0.56
4/10/2026, 6:55:04 PM	242.37	0.286	66.62	0.962
4/10/2026, 6:39:59 PM	236.83	0.284	49.18	0.732
4/10/2026, 6:24:57 PM	242.7	0.285	38	0.55
4/10/2026, 6:09:56 PM	235.76	0.286	47.35	0.703
4/10/2026, 5:54:55 PM	235.66	3.491	452.42	0.55
4/10/2026, 5:39:55 PM	235.04	2.157	278.82	0.55
4/10/2026, 5:24:55 PM	235.23	0.974	133.29	0.582
4/10/2026, 5:09:55 PM	236.89	0.963	187.45	0.822
4/10/2026, 4:54:54 PM	237.94	0.566	74.04	0.55
4/10/2026, 4:39:53 PM	243.15	0.189	25.22	0.55
4/10/2026, 4:18:16 PM	245.19	0.199	28.16	0.578
4/10/2026, 4:12:10 PM	238.14	0.825	107.98	0.55
4/10/2026, 3:57:09 PM	236.95	0.738	120.12	0.687
4/10/2026, 3:41:55 PM	239.42	0.8	105.31	0.55
4/10/2026, 3:26:54 PM	234.95	0.679	138.27	0.867
4/10/2026, 3:11:53 PM	239.36	0.858	112.86	0.55
4/10/2026, 2:56:47 PM	237.68	0.688	106.9	0.654
4/10/2026, 2:41:45 PM	231.04	0.681	125.32	0.797
4/10/2026, 2:26:44 PM	233.54	0.682	125.79	0.79
4/10/2026, 2:11:43 PM	234.76	0.697	124.77	0.763
4/10/2026, 1:56:42 PM	235.91	0.818	142.029144	0.736
4/10/2026, 1:41:40 PM	233.88	0.697	115.04	0.706
4/10/2026, 1:26:39 PM	232.12	0.854	108.99	0.55
4/10/2026, 1:11:39 PM	236.13	0.683	93.03	0.577
4/10/2026, 12:56:38 PM	236.62	0.73	96.54	0.559
4/10/2026, 12:41:38 PM	242.08	0.757	132.26	0.722
4/10/2026, 12:26:37 PM	242.41	0.813	141.02	0.716
4/10/2026, 12:11:24 PM	242.41	0.709	142.61	0.83
4/10/2026, 11:56:59 AM	240.82	0.311	68.14	0.91
4/10/2026, 11:56:10 AM	236.9	0.803	144.33	0.759
4/10/2026, 11:41:08 AM	240.29	0.712	104.27	0.61
4/10/2026, 11:25:53 AM	235.76	0.643	128.39	0.847
4/10/2026, 11:10:35 AM	238.5	0.63	116.99	0.779
4/10/2026, 10:55:34 AM	238.2	1.678	278.1	0.696
4/10/2026, 10:40:32 AM	240.47	1.767	233.65	0.55
4/10/2026, 10:25:23 AM	236.54	0.299	64	0.906
4/10/2026, 10:10:23 AM	238.8	0.491	95.19	0.812
4/10/2026, 9:55:22 AM	242.32	0.766	153.12	0.825
4/10/2026, 7:58:37 AM	239.72	0.263	55.77	0.886
4/10/2026, 7:43:32 AM	243.82	0.291	64.9	0.916
4/10/2026, 7:28:31 AM	248.08	0.412	98.34	0.963
4/10/2026, 7:13:20 AM	238.94	0.432	69.44	0.673
4/10/2026, 6:57:55 AM	243.99	0.402	81.56	0.832
4/10/2026, 6:42:54 AM	243.28	0.406	71.78	0.727
4/10/2026, 6:27:49 AM	241.21	0.412	84.99	0.856
4/10/2026, 6:12:43 AM	242.58	0.415	71.3	0.709
4/10/2026, 5:57:38 AM	241.01	0.428	90.04	0.873
4/10/2026, 5:42:38 AM	244.45	0.307	69.77	0.93
4/10/2026, 5:27:37 AM	238.78	0.309	40.5	0.55
4/10/2026, 5:12:26 AM	243.66	0.307	47.64	0.638
4/10/2026, 4:57:26 AM	238.65	0.308	65.78	0.895
4/10/2026, 4:42:20 AM	239.65	0.303	60.26	0.831
4/10/2026, 4:27:15 AM	242.04	0.299	61.36	0.848
4/10/2026, 4:12:04 AM	241.61	0.114	25.04	0.912
4/10/2026, 3:56:59 AM	240.82	0.111	24.325228	0.91
4/10/2026, 3:41:59 AM	244.67	0.313	70.28	0.918
4/10/2026, 3:26:48 AM	241.32	0.306	53.03	0.719
4/10/2026, 3:11:42 AM	242.45	0.312	60.17	0.796
4/10/2026, 2:56:42 AM	240.89	0.315	65.74	0.867
4/10/2026, 2:41:36 AM	241.79	0.3	58.64	0.809
4/10/2026, 2:26:31 AM	238.66	0.317	48.4	0.64
4/10/2026, 2:11:31 AM	241.97	0.298	46.12	0.64
4/10/2026, 1:56:25 AM	239.39	0.317	42.49	0.56
4/10/2026, 1:41:17 AM	237.29	0.317	59.19	0.788
4/10/2026, 1:26:16 AM	239.79	0.318	55.65	0.73
4/10/2026, 1:11:15 AM	241.99	0.306	41.54	0.562
4/10/2026, 12:56:14 AM	239.72	0.309	69.58	0.94
4/10/2026, 12:40:44 AM	243.87	0.323	75.55	0.96
4/10/2026, 12:25:43 AM	240.17	0.313	58.45	0.778
4/10/2026, 12:10:42 AM	243.71	0.316	71.4	0.928
4/9/2026, 11:55:42 PM	238.83	0.352	78.04	0.929
4/9/2026, 11:40:26 PM	238.3	0.341	63.67	0.784
4/9/2026, 11:25:26 PM	242.48	0.348	74.26	0.881
4/9/2026, 11:10:10 PM	242	0.339	72.17	0.88
4/9/2026, 10:55:09 PM	241.45	0.345	53.8	0.646
4/9/2026, 10:40:04 PM	242.42	0.366	78.8	0.889
4/9/2026, 10:25:04 PM	243.32	0.405	74.34	0.755
4/9/2026, 10:09:53 PM	242.74	0.421	95.59	0.936
4/9/2026, 9:54:52 PM	241.78	0.375	76.29	0.842
4/9/2026, 9:39:51 PM	238.19	0.418	84	0.844
4/9/2026, 9:24:50 PM	236.36	0.352	59.37	0.714
4/9/2026, 9:09:41 PM	236.84	0.429	83.85	0.826
4/9/2026, 8:54:41 PM	238.38	0.388	86.57	0.937
4/9/2026, 8:24:16 PM	237.6	0.361	63.5	0.741
4/9/2026, 8:09:14 PM	240.14	0.402	53.01	0.55
4/9/2026, 7:54:13 PM	241.54	0.425	56.41	0.55
4/9/2026, 7:39:12 PM	241.18	0.37	83.37	0.935
4/9/2026, 7:24:10 PM	239.42	0.415	92.75	0.934
4/9/2026, 7:09:09 PM	239.55	0.359	64.78	0.754
4/9/2026, 6:54:08 PM	246.61	0.423	61.79	0.593
4/9/2026, 6:52:06 PM	238.82	0.612	124.04	0.849
4/9/2026, 6:33:52 PM	237.03	0.685	133.78	0.824
4/9/2026, 6:03:21 PM	231.92	0.715	117.21	0.707
4/9/2026, 6:02:42 PM	228.96	0.655	102.4	0.683
4/9/2026, 5:47:41 PM	238.24	0.595	109.66	0.774
4/9/2026, 5:41:28 PM	241.21	0.382	74.73	0.812
4/9/2026, 5:40:17 PM	233.69	0.419	91.71	0.937
4/9/2026, 5:25:16 PM	245.3	0.356	71.87	0.824
4/9/2026, 5:16:51 PM	242.45	0.426	84.82	0.822
4/9/2026, 5:09:53 PM	244.07	0.389	82.74	0.872
4/9/2026, 5:06:28 PM	247.42	0.364	79.33	0.881
4/9/2026, 5:01:57 PM	242.65	0.407	82.52	0.836
4/9/2026, 4:55:05 PM	236.54	0.422	85.91	0.861
4/9/2026, 4:42:49 PM	245.4	0.372	78.43	0.86
4/9/2026, 4:32:07 PM	237.08	0.416	83.35	0.846
4/9/2026, 4:28:28 PM	235.24	0.422	59.77	0.603
4/9/2026, 4:21:23 PM	239.23	0.354	79.96	0.945
4/9/2026, 4:14:48 PM	242.24	0.427	80.84	0.782
4/9/2026, 4:07:45 PM	234.43	0.395	71.77	0.776
4/9/2026, 4:02:52 PM	242.45	0.368	69.83	0.783
4/9/2026, 3:55:19 PM	237.7	0.401	65.44	0.687
4/9/2026, 3:49:23 PM	240.76	0.424	79.35	0.778
4/9/2026, 3:37:24 PM	242.61	0.377	73.01	0.799
4/9/2026, 3:22:15 PM	232.38	0.411	86.09	0.902
4/9/2026, 3:12:13 PM	245.47	0.36	70.78	0.802
4/9/2026, 2:59:22 PM	241.17	0.42	87.87	0.868
4/9/2026, 2:49:24 PM	242.58	0.385	59.92	0.642
4/9/2026, 2:36:25 PM	241.89	0.412	94.4	0.948
4/9/2026, 2:29:24 PM	238.87	0.355	46.58	0.55
4/9/2026, 2:14:23 PM	237.75	0.428	92.56	0.91
4/9/2026, 1:59:23 PM	239.15	0.391	77.65	0.831
4/9/2026, 1:51:05 PM	236.81	0.605	115.43	0.806
4/9/2026, 1:36:04 PM	237.9	0.692	151.76	0.922
4/9/2026, 1:25:36 PM	238.82	0.708	143.99	0.852
4/9/2026, 1:10:27 PM	231.45	0.64	95.45	0.645
4/9/2026, 12:55:23 PM	238.95	0.588	89.84	0.64
4/9/2026, 12:46:16 PM	236.81	0.366	53.01	0.612
4/9/2026, 12:45:36 PM	243.92	0.405	90.55	0.917
4/9/2026, 12:31:16 PM	236.1	0.421	91.34	0.919
4/9/2026, 12:16:15 PM	240.4	0.375	76.91	0.854
4/9/2026, 12:10:15 PM	233.71	0.418	53.66	0.55
4/9/2026, 11:55:04 AM	239.91	0.352	57.78	0.685
4/9/2026, 11:39:54 AM	243.28	0.429	89.85	0.861
4/9/2026, 11:20:41 AM	241.74	0.388	77.72	0.829
4/9/2026, 11:08:59 AM	235.42	0.361	48.6	0.572
4/9/2026, 10:53:56 AM	236.95	0.402	52.35	0.55
4/9/2026, 10:35:18 AM	230.03	0.425	53.68	0.55
4/9/2026, 10:20:13 AM	245.63	0.37	68.32	0.752
4/9/2026, 10:14:10 AM	233.44	0.415	87.83	0.907
4/9/2026, 9:59:09 AM	245.65	0.359	73.68	0.836
4/9/2026, 9:52:31 AM	229.89	0.423	72.17	0.743
4/9/2026, 9:37:52 AM	237.64	0.382	49.91	0.55
4/9/2026, 9:37:30 AM	243.49	0.419	81.98	0.804
4/9/2026, 9:22:51 AM	234.68	0.356	67.22	0.805
4/9/2026, 9:07:50 AM	243.39	0.426	91.26	0.881
4/9/2026, 8:56:34 AM	242.94	0.389	75.11	0.795
4/9/2026, 8:53:47 AM	238.38	0.364	61.76	0.712
4/9/2026, 8:38:21 AM	237.74	0.407	90.72	0.938
4/9/2026, 8:28:28 AM	235.24	1.936	274.621058	0.603
4/9/2026, 8:13:27 AM	245.03	0.372	50.06	0.55
4/9/2026, 8:11:27 AM	240.11	0.635	113.69	0.746
4/9/2026, 7:58:26 AM	238.55	0.416	54.49	0.55
4/9/2026, 7:43:22 AM	241.27	0.625	123.89	0.822
4/9/2026, 7:28:18 AM	247.52	0.678	153.87	0.917
4/9/2026, 7:13:16 AM	246.7	0.712	96.57	0.55
4/9/2026, 6:58:15 AM	240.87	0.665	88.05	0.55
4/9/2026, 6:43:15 AM	243.7	0.601	80.55	0.55
4/9/2026, 6:28:10 AM	241.27	0.354	72.45	0.849
4/9/2026, 6:13:06 AM	249.28	0.427	88.16	0.829
4/9/2026, 5:58:05 AM	241.5	0.395	80.33	0.843
4/9/2026, 5:43:04 AM	240.06	0.368	63.7	0.722
4/9/2026, 5:28:03 AM	244.45	0.401	72.48	0.74
4/9/2026, 5:12:59 AM	247.59	0.424	57.66	0.55
4/9/2026, 4:57:58 AM	248.64	0.377	73.56	0.785
4/9/2026, 4:42:57 AM	244.67	0.411	92.2	0.917
4/9/2026, 4:27:56 AM	247.78	0.36	49.28	0.553
4/9/2026, 4:12:55 AM	240.73	0.42	76.86	0.761
4/9/2026, 3:57:44 AM	251.05	0.385	82.86	0.858
4/9/2026, 3:42:43 AM	241.14	0.412	54.6	0.55
4/9/2026, 3:27:31 AM	242.92	0.355	79.45	0.922
4/9/2026, 3:12:30 AM	248.5	0.428	58.41	0.55
4/9/2026, 2:57:29 AM	241.31	0.391	51.81	0.55
4/9/2026, 2:42:29 AM	239.22	0.366	78.39	0.896
4/9/2026, 2:27:22 AM	245.85	0.405	87.75	0.882
4/9/2026, 2:12:21 AM	238.07	0.421	92.73	0.926
4/9/2026, 1:57:07 AM	237.04	0.375	79.82	0.899
4/9/2026, 1:41:41 AM	241.32	0.418	55.45	0.55
4/9/2026, 1:26:40 AM	240.18	0.352	81.49	0.964
4/9/2026, 1:11:39 AM	246.48	0.429	88.49	0.837
4/9/2026, 12:56:38 AM	244.32	0.388	84.3	0.89
4/9/2026, 12:41:37 AM	236.72	0.361	70.3	0.823
4/9/2026, 12:26:36 AM	242.38	0.402	83.35	0.856
4/9/2026, 12:11:27 AM	240.11	0.122	21.852891	0.746
4/8/2026, 11:56:14 PM	241.46	0.68	139.17	0.848
4/8/2026, 11:41:08 PM	238.26	0.705	150.15	0.894
4/8/2026, 11:26:07 PM	234.66	0.59	102.38	0.74
4/8/2026, 11:11:06 PM	237.07	0.425	92.37	0.917
4/8/2026, 10:56:06 PM	236.22	0.37	65.76	0.753
4/8/2026, 10:40:57 PM	243.48	0.415	66.62	0.66
4/8/2026, 10:25:54 PM	234.44	0.359	46.25	0.55
4/8/2026, 10:10:29 PM	235.2	0.423	66.5	0.669
4/8/2026, 9:55:28 PM	238	0.382	82.98	0.913
4/8/2026, 9:40:27 PM	234.28	0.419	89.64	0.914
4/8/2026, 9:25:26 PM	240.03	0.356	65.59	0.768
4/8/2026, 9:10:25 PM	242.21	0.426	56.72	0.55
4/8/2026, 8:55:21 PM	236.25	0.389	75.02	0.817
4/8/2026, 8:40:21 PM	236.61	0.364	85.32	0.991
4/8/2026, 8:25:20 PM	241.33	0.407	82.83	0.844
4/8/2026, 8:10:19 PM	235.45	0.422	83.62	0.842
4/8/2026, 7:55:18 PM	242.57	0.372	79.11	0.877
4/8/2026, 7:25:17 PM	249.15	0.416	91.7	0.885
4/8/2026, 5:39:17 PM	241.56	1.105	251.97	0.944
4/8/2026, 5:31:27 PM	233.37	6.54	1262.13	0.827
4/8/2026, 5:17:41 PM	233.28	7.025	1551.91	0.947
4/8/2026, 5:16:26 PM	240.85	7.15	1422.39	0.826
4/8/2026, 5:02:41 PM	237.65	7.43	1610.32	0.912
4/8/2026, 4:47:40 PM	240.78	7.905	1720.61	0.904
4/8/2026, 4:32:39 PM	239.59	7.52	1329.61	0.738
4/8/2026, 4:17:35 PM	230.04	7.715	1290.23	0.727
4/8/2026, 4:02:22 PM	232.92	8.11	1257.97	0.666
4/8/2026, 3:47:03 PM	241.65	7.805	1410.74	0.748
4/8/2026, 3:36:54 PM	232.34	7.641	976.37	0.55
4/8/2026, 3:21:50 PM	240.01	8.012	1676.78	0.872
4/8/2026, 3:06:46 PM	236.48	8.61	1119.84	0.55
4/8/2026, 2:51:25 PM	233.08	7.825	1451.77	0.796
4/8/2026, 2:36:10 PM	230.71	8.214	1546.34	0.816
4/8/2026, 2:21:09 PM	230.72	7.95	1430.64	0.78
4/8/2026, 2:16:58 PM	230.69	8.431	1100.76	0.566
4/8/2026, 2:01:45 PM	235.54	8.12	1551.08	0.811
4/8/2026, 1:54:12 PM	235.64	8.845	1652.76	0.793
4/8/2026, 1:46:14 PM	234.6	8.562	1767.6	0.88
4/8/2026, 1:20:22 PM	242.58	8.314	1712.21	0.849
4/8/2026, 12:50:21 PM	234.03	2.035	404.33	0.849
4/8/2026, 12:35:20 PM	238.7	2.761	559.46	0.849
4/8/2026, 12:20:16 PM	236.01	1.505	301.47	0.849
4/8/2026, 12:17:48 PM	242.34	0.498	108.46	0.899
4/8/2026, 12:05:16 PM	246.03	1.505	314.3	0.849
4/8/2026, 11:50:15 AM	246.03	1.505	314.27	0.849
4/8/2026, 11:35:14 AM	246.03	1.505	314.34	0.849
4/8/2026, 11:20:11 AM	246.03	1.505	314.29	0.849
4/8/2026, 11:05:09 AM	246.03	1.505	314.31	0.849
4/8/2026, 10:50:00 AM	246.03	1.505	314.34	0.849
4/8/2026, 10:34:59 AM	246.03	1.505	314.34	0.849
4/8/2026, 10:19:58 AM	246.03	1.505	314.28	0.849
4/8/2026, 10:04:58 AM	246.03	1.505	314.29	0.849
4/8/2026, 9:49:57 AM	246.03	1.505	314.3	0.849
4/8/2026, 9:34:46 AM	246.03	1.505	314.29	0.849
4/8/2026, 9:19:45 AM	246.03	1.505	314.33	0.849
4/8/2026, 9:04:44 AM	246.03	1.505	314.27	0.849
4/8/2026, 8:49:34 AM	246.03	1.505	314.27	0.849
4/8/2026, 8:34:14 AM	246.03	1.505	314.32	0.849
4/8/2026, 8:18:59 AM	246.03	1.505	314.34	0.849
4/8/2026, 8:03:59 AM	246.03	1.505	314.35	0.849
4/8/2026, 7:48:58 AM	235.45	8.978	1940.52	0.918
4/8/2026, 7:33:57 AM	242.54	9.446	1324.19	0.578
4/8/2026, 7:18:56 AM	234.59	9.536	1230.34	0.55
4/8/2026, 7:03:56 AM	238.57	9.477	2150.06	0.951
4/8/2026, 6:48:37 AM	242.96	0.474	98.34	0.854
4/8/2026, 6:33:29 AM	239.54	0.479	108.81	0.949
4/8/2026, 6:18:10 AM	242.77	0.425	56.7	0.55
4/8/2026, 6:02:54 AM	235.9	0.449	58.22	0.55
4/8/2026, 5:47:53 AM	241.24	0.44	82.49	0.778
4/8/2026, 5:32:52 AM	235.49	0.433	78.63	0.772
4/8/2026, 5:17:51 AM	243.53	0.405	87.26	0.885
4/8/2026, 5:02:50 AM	237.84	0.399	86.94	0.917
4/8/2026, 4:47:49 AM	244.33	0.433	103.33	0.977
4/8/2026, 4:32:49 AM	242.5	0.479	97.95	0.844
4/8/2026, 4:17:48 AM	242.34	1.098	239.214299	0.899
4/8/2026, 4:02:47 AM	247.07	0.452	98.11	0.879
4/8/2026, 3:47:46 AM	243.14	0.482	113.42	0.968
4/8/2026, 3:32:42 AM	237.22	0.458	59.7	0.55
4/8/2026, 3:17:37 AM	242.65	0.489	98.11	0.827
4/8/2026, 3:02:36 AM	243.63	0.473	100.63	0.874
4/8/2026, 2:47:34 AM	239.54	0.453	94.94	0.875
4/8/2026, 2:32:34 AM	238.3	0.495	105.98	0.899
4/8/2026, 2:17:26 AM	235.97	0.398	89.66	0.955
4/8/2026, 2:02:25 AM	233.85	0.482	66.69	0.592
4/8/2026, 1:47:23 AM	239.73	0.458	60.31	0.55
4/8/2026, 1:32:22 AM	239.41	0.486	81.19	0.698
4/8/2026, 1:17:21 AM	236	0.444	84.09	0.803
4/8/2026, 1:02:12 AM	243.93	0.478	104.5	0.897
4/8/2026, 12:47:04 AM	239.72	0.496	96.6	0.813
4/8/2026, 12:31:50 AM	243.04	0.487	100.69	0.851
4/8/2026, 12:16:48 AM	241.02	0.493	94.51	0.796
4/8/2026, 12:01:47 AM	233.24	0.5	67.35	0.578
4/7/2026, 11:46:46 PM	234.66	0.388	66.98	0.736
4/7/2026, 11:31:45 PM	238.69	0.406	82.06	0.847
4/7/2026, 11:16:41 PM	238.06	0.307	71.69	0.982
4/7/2026, 11:01:40 PM	235.38	0.374	72.47	0.824
4/7/2026, 10:46:39 PM	229.44	0.471	73.58	0.681
4/7/2026, 10:31:38 PM	236.81	0.393	88.1	0.947
4/7/2026, 10:16:37 PM	235.64	0.48	77.33	0.684
4/7/2026, 10:01:35 PM	236.33	0.442	84.95	0.814
4/7/2026, 9:46:27 PM	233.7	0.457	100.48	0.941
4/7/2026, 9:31:27 PM	231.64	0.439	85.23	0.839
4/7/2026, 9:16:26 PM	239.99	0.442	58.25	0.55
4/7/2026, 9:01:25 PM	236.27	0.388	74.56	0.814
4/7/2026, 8:46:20 PM	237.63	0.398	66.86	0.707
4/7/2026, 8:31:10 PM	237.92	0.301	63.01	0.88
4/7/2026, 8:04:11 PM	239.49	0.716	164.59	0.96
4/7/2026, 7:49:10 PM	231.53	0.644	114.06	0.765
4/7/2026, 7:34:04 PM	234.13	1.755	337.75	0.822
4/7/2026, 7:18:21 PM	236.97	1.602	323.39	0.852
4/7/2026, 3:48:08 PM	229.78	5.079	918.38	0.787
4/7/2026, 3:33:07 PM	224.28	5.1	629.05	0.55
4/7/2026, 3:18:06 PM	224.3	8.959	1446.83	0.72
4/7/2026, 3:03:06 PM	222.07	9.005	1099.82	0.55
4/7/2026, 2:48:05 PM	224.26	8.91	1524.56	0.763
4/7/2026, 2:33:04 PM	213.31	8.811	1033.64	0.55
4/7/2026, 2:18:03 PM	225.68	8.892	1103.7	0.55
4/7/2026, 2:03:02 PM	219.76	8.939	1080.41	0.55
4/7/2026, 1:47:44 PM	212.48	8.429	985.03	0.55
4/7/2026, 1:32:43 PM	218.56	4.962	968.4	0.893
4/7/2026, 1:17:43 PM	223.54	13.057	2162.72	0.741
4/7/2026, 1:02:41 PM	229.35	0.949	123.59	0.568
4/7/2026, 12:47:41 PM	224.53	0.8	98.71	0.55
4/7/2026, 12:32:37 PM	231.82	0.809	142.31	0.759
4/7/2026, 12:17:37 PM	223.43	1.788	219.7	0.55
4/7/2026, 12:02:37 PM	235.33	9.135	1311.3	0.61
4/7/2026, 11:47:36 AM	225.79	9.143	1795.97	0.87
4/7/2026, 11:32:35 AM	222.12	9.142	1583.86	0.78
4/7/2026, 11:17:30 AM	221.47	9.182	1118.43	0.55
4/7/2026, 11:02:28 AM	224.63	9.44	1166.19	0.55
4/7/2026, 10:47:10 AM	231.19	9.482	1674.77	0.764
4/7/2026, 10:32:09 AM	226.51	9.149	1842.23	0.889
4/7/2026, 10:17:08 AM	224.85	9.162	1864.36	0.905
4/7/2026, 10:02:08 AM	234.81	9.163	1966.48	0.914
4/7/2026, 9:47:04 AM	236.52	9.195	2107.29	0.969
4/7/2026, 9:32:03 AM	227.78	9.169	1606	0.769
4/7/2026, 9:17:02 AM	234.62	9.552	1463.42	0.653
4/7/2026, 9:02:01 AM	227.83	10.627	2036.15	0.841
4/7/2026, 8:47:01 AM	230.77	10.842	1621.24	0.648
4/7/2026, 8:31:57 AM	227.36	10.788	1348.99	0.55
4/7/2026, 8:16:56 AM	231.32	13.1	2396.95	0.791
4/7/2026, 8:01:55 AM	230.71	13.192	1975.24	0.649
4/7/2026, 7:46:54 AM	233.22	10.892	2268.42	0.893
4/7/2026, 7:43:57 AM	238.58	0.366	81.44	0.933
4/7/2026, 7:31:53 AM	234.79	2.699	586.76	0.926
4/7/2026, 7:16:49 AM	236.38	2.045	340.73	0.705
4/7/2026, 7:01:36 AM	243.43	0.723	96.76	0.55
4/7/2026, 6:46:27 AM	245.09	0.842	113.46	0.55
4/7/2026, 6:31:26 AM	243.67	0.955	139.59	0.6
4/7/2026, 6:16:26 AM	237.16	0.884	115.26	0.55
4/7/2026, 6:01:25 AM	244.16	0.3	69.11	0.944
4/7/2026, 5:46:24 AM	241.43	0.329	43.61	0.55
4/7/2026, 5:31:15 AM	242.91	0.357	79.99	0.923
4/7/2026, 5:16:02 AM	245.74	0.394	65.01	0.672
4/7/2026, 5:00:48 AM	244.69	0.396	93.35	0.964
4/7/2026, 4:45:34 AM	242.15	0.34	54.91	0.668
4/7/2026, 4:30:30 AM	244.91	0.366	75.35	0.841
4/7/2026, 4:15:29 AM	240.28	0.338	44.66	0.55
4/7/2026, 4:00:28 AM	241.4	0.329	72	0.907
4/7/2026, 3:45:28 AM	245.2	0.34	76.88	0.923
4/7/2026, 3:30:27 AM	236.94	0.344	44.76	0.55
4/7/2026, 3:15:10 AM	244.34	0.338	66.62	0.807
4/7/2026, 3:00:09 AM	236.99	0.376	83.26	0.935
4/7/2026, 2:44:51 AM	241.17	0.332	48.67	0.609
4/7/2026, 2:29:32 AM	241.22	0.362	52.62	0.603
4/7/2026, 2:14:24 AM	242.43	0.33	63.37	0.793
4/7/2026, 1:59:06 AM	237.3	0.363	47.31	0.55
4/7/2026, 1:44:05 AM	235.95	0.334	65.83	0.836
4/7/2026, 1:29:04 AM	238.44	0.371	83.56	0.945
4/7/2026, 1:14:03 AM	237.39	0.359	62.32	0.732
4/7/2026, 12:59:02 AM	235.5	0.367	47.47	0.55
4/7/2026, 12:44:01 AM	242.18	0.41	90.3	0.91
4/7/2026, 12:29:00 AM	235.21	0.377	68.44	0.772
4/7/2026, 12:13:59 AM	235.58	0.369	47.77	0.55
4/6/2026, 11:58:58 PM	239.52	0.342	56.93	0.696
4/6/2026, 11:43:57 PM	238.58	1.046	232.834516	0.933
4/6/2026, 11:28:49 PM	243.3	0.371	78.26	0.868
4/6/2026, 11:13:39 PM	235.71	0.394	87.42	0.942
4/6/2026, 10:58:38 PM	234.57	0.401	67.23	0.715
4/6/2026, 10:43:37 PM	244.85	0.384	81.11	0.863
4/6/2026, 10:28:36 PM	243.28	0.452	78.14	0.711
4/6/2026, 10:13:35 PM	237.11	0.362	47.18	0.55
4/6/2026, 9:58:33 PM	239.31	0.392	51.58	0.55
4/6/2026, 9:43:14 PM	236.98	0.433	56.41	0.55
4/6/2026, 9:27:59 PM	241.42	0.383	63.1	0.683
4/6/2026, 9:12:58 PM	239.72	0.396	62.36	0.657
4/6/2026, 8:57:57 PM	242.59	0.428	78.23	0.754
4/6/2026, 8:42:47 PM	236.83	0.374	74.97	0.847
4/6/2026, 8:27:46 PM	242.09	0.371	80.74	0.9
4/6/2026, 8:12:45 PM	237.26	0.383	71.79	0.791
4/6/2026, 7:57:44 PM	231.58	0.397	73.65	0.802
4/6/2026, 7:42:43 PM	238.84	5.201	709.22	0.571
4/6/2026, 7:27:42 PM	241.29	8.543	1133.65	0.55
4/6/2026, 7:12:41 PM	230.02	8.535	1079.73	0.55
4/6/2026, 6:57:40 PM	232.56	8.464	1797.1	0.913
4/6/2026, 6:42:36 PM	238.66	8.893	1835.81	0.865
4/6/2026, 6:27:35 PM	236.47	8.677	1885.56	0.919
4/6/2026, 6:12:34 PM	229.76	8.986	1558.77	0.755
4/6/2026, 5:57:33 PM	233.94	8.903	1414.14	0.679
4/6/2026, 5:42:33 PM	224.86	9.819	1534.48	0.695
4/6/2026, 5:27:28 PM	231.54	10.575	1919.63	0.784
4/6/2026, 5:12:23 PM	231.79	9.75	1557.05	0.689
4/6/2026, 4:57:22 PM	231.23	9.909	1926.87	0.841
4/6/2026, 4:42:21 PM	231.89	9.555	1254.03	0.566
4/6/2026, 4:27:21 PM	226.46	10.008	1246.49	0.55
4/6/2026, 4:12:16 PM	225.29	11.067	1620.57	0.65
4/6/2026, 3:57:15 PM	226.97	10.136	1587.36	0.69
4/6/2026, 3:42:14 PM	229.08	10.533	2297.02	0.952
4/6/2026, 3:27:13 PM	227.25	7.209	904.26	0.552
4/6/2026, 3:12:13 PM	235.28	7.441	1281.5	0.732
4/6/2026, 2:57:08 PM	231.76	7.466	1545.1	0.893
4/6/2026, 2:41:56 PM	232.37	7.46	1488.99	0.859
4/6/2026, 2:26:55 PM	222.98	7.421	910.05	0.55
4/6/2026, 2:11:54 PM	223.18	7.632	1166.74	0.685
4/6/2026, 1:56:53 PM	227.66	7.641	1586.45	0.912
4/6/2026, 1:41:52 PM	230.71	7.539	1307.92	0.752
4/6/2026, 1:26:49 PM	224.96	7.439	1248.34	0.746
4/6/2026, 1:11:48 PM	223.61	2.551	404.96	0.71
4/6/2026, 12:56:36 PM	233.03	0.325	50.78	0.671
4/6/2026, 12:41:35 PM	230.84	0.607	134.75	0.962
4/6/2026, 12:26:34 PM	227.31	2.8	380.58	0.598
4/6/2026, 12:11:33 PM	228.92	5.546	1094.3	0.862
4/6/2026, 8:25:56 AM	234.79	8.559	1237.83	0.616
4/3/2026, 4:50:57 PM	242.87	0.377	65.69	0.718
4/3/2026, 4:35:56 PM	245.36	0.305	49.38	0.661
4/3/2026, 4:20:46 PM	240.74	0.284	52.19	0.764
4/3/2026, 4:05:45 PM	252.24	0.339	60.19	0.704
4/3/2026, 3:50:45 PM	245.99	0.245	39.4	0.654
4/3/2026, 3:35:43 PM	241.62	0.236	42.02	0.738
4/3/2026, 3:20:40 PM	246.48	0.424	89.71	0.859
4/3/2026, 3:14:14 PM	240.2	0.525	83.9	0.666
4/3/2026, 2:59:13 PM	244.59	0.502	87.01	0.709
4/3/2026, 2:44:12 PM	245.37	0.706	116.17	0.671
4/3/2026, 2:29:12 PM	244.87	0.679	95.22	0.573
4/3/2026, 2:14:04 PM	243.12	0.601	130.75	0.895
4/3/2026, 1:58:53 PM	245.76	0.634	85.61	0.55
4/3/2026, 1:43:41 PM	246.29	0.452	103.69	0.932
4/3/2026, 1:28:40 PM	242.67	0.591	78.93	0.551
4/3/2026, 1:13:39 PM	243.42	0.554	85.44	0.634
4/3/2026, 12:58:38 PM	237.72	0.547	74.36	0.572
4/3/2026, 12:43:38 PM	237.31	0.465	83.07	0.753
4/3/2026, 12:28:35 PM	246.59	0.58	137.83	0.964
4/3/2026, 12:13:34 PM	242.74	0.497	111.4	0.924
4/3/2026, 11:58:33 AM	245.04	0.485	107.62	0.906
4/3/2026, 11:43:32 AM	245.51	0.56	75.6	0.55
4/3/2026, 11:28:31 AM	240.7	0.616	81.51	0.55
4/3/2026, 11:13:22 AM	244.14	0.472	63.41	0.551
4/3/2026, 10:58:12 AM	248.13	0.53	114.87	0.874
4/3/2026, 10:42:59 AM	239.86	0.595	107.66	0.755
4/3/2026, 10:27:42 AM	248.62	0.436	73.43	0.678
4/3/2026, 10:12:33 AM	242.35	0.504	110.21	0.903
4/3/2026, 9:57:32 AM	242.36	0.425	94.09	0.914
4/3/2026, 9:42:31 AM	246.36	0.562	124.93	0.903
4/3/2026, 9:27:30 AM	246.56	0.525	71.1	0.55
4/3/2026, 9:12:29 AM	242.42	0.525	89.69	0.705
4/3/2026, 8:57:29 AM	244.09	0.454	90.79	0.82
4/3/2026, 8:42:28 AM	247.38	0.44	59.78	0.55
4/2/2026, 4:26:18 PM	234.05	1.86	407.04	0.935
4/2/2026, 4:11:15 PM	241.04	1.866	425.03	0.945
4/2/2026, 3:56:02 PM	242.1	1.889	252.78	0.553
4/2/2026, 3:41:01 PM	238.31	1.841	366.73	0.836
4/2/2026, 2:55:59 PM	242.2	1.887	337.55	0.739
4/2/2026, 2:40:51 PM	235.37	1.912	392.83	0.873
4/2/2026, 2:25:46 PM	240.09	1.898	321.3	0.705
4/2/2026, 2:10:41 PM	238.03	1.859	243.35	0.55
4/2/2026, 1:55:40 PM	247.48	1.859	432.68	0.94
4/2/2026, 1:40:39 PM	240.51	1.958	316.26	0.672
4/2/2026, 1:25:38 PM	238.38	1.995	289.94	0.61
4/2/2026, 1:10:34 PM	236.98	1.959	377.9	0.814
4/2/2026, 12:55:33 PM	238.22	1.934	413.73	0.898
4/2/2026, 12:40:32 PM	238.06	13.284	1762.01	0.557
4/2/2026, 12:25:31 PM	241.28	7.836	1765.14	0.934
4/2/2026, 12:10:30 PM	240.89	1.876	278.75	0.617
4/2/2026, 11:55:22 AM	237.96	1.916	380.46	0.835
4/2/2026, 11:40:08 AM	235.25	1.966	254.39	0.55
4/2/2026, 11:24:54 AM	237.79	2.043	423.32	0.871
4/2/2026, 11:09:43 AM	239.94	2.072	289.98	0.583
4/2/2026, 10:54:26 AM	237.38	1.95	288.54	0.623
4/2/2026, 10:39:17 AM	242.61	0.521	69.45	0.55
4/2/2026, 10:24:16 AM	238.42	0.562	73.68	0.55
4/2/2026, 10:09:15 AM	238.71	0.598	78.46	0.55
4/2/2026, 9:54:14 AM	244.87	0.568	124.83	0.898
4/2/2026, 9:39:14 AM	238.1	0.649	147.1	0.952
4/2/2026, 9:24:14 AM	241.34	0.461	80.48	0.724
4/2/2026, 9:09:13 AM	238.33	0.504	99.53	0.829
4/1/2026, 6:06:17 PM	233.89	0.584	128.34	0.94
4/1/2026, 5:51:16 PM	232.77	0.842	124.79	0.637
4/1/2026, 5:42:59 PM	232.69	2.703	560.97	0.892
4/1/2026, 4:39:39 PM	236.18	9.928	1845.26	0.787
4/1/2026, 4:37:37 PM	239.64	2.688	552.67	0.858
4/1/2026, 4:24:39 PM	233.25	9.926	2194.78	0.948
4/1/2026, 4:12:45 PM	235.94	7.207	935.17	0.55
4/1/2026, 4:12:33 PM	240.64	7.476	1354.58	0.753
4/1/2026, 3:57:44 PM	241.81	7.707	1257.93	0.675
4/1/2026, 3:55:39 PM	229.76	8.763	1642.88	0.816
4/1/2026, 3:35:03 PM	231.54	8.897	1956.96	0.95
4/1/2026, 3:22:31 PM	239.74	8.559	1618.91	0.789
4/1/2026, 3:19:49 PM	230.74	5.64	1190.73	0.915
4/1/2026, 3:04:49 PM	234.01	5.649	1183.07	0.895
4/1/2026, 3:03:56 PM	240.97	3.09	582.95	0.783
4/1/2026, 2:39:02 PM	234.02	3.091	480.95	0.665
4/1/2026, 2:36:31 PM	252.52	0.964	233.4	0.959
4/1/2026, 1:44:16 PM	245.9	1.012	186.57	0.75
4/1/2026, 12:48:54 PM	10.49	0.016	0.164819	0.982
4/1/2026, 10:36:52 AM	12.7	0.056	0.603098	0.848
4/1/2026, 10:35:14 AM	244.75	2.075	477.82	0.941
4/1/2026, 10:26:31 AM	234.88	4.576	853.39	0.794
