Time,Voltage (V),Current (A),Power (W),Power Factor,Note
"4/24/2026, 6:27:55 PM",235.76,0.254,37.37,0.624,
"4/24/2026, 6:12:54 PM",233.94,0.266,50.69,0.816,
"4/24/2026, 5:57:53 PM",243,0.419,65.43,0.643,
"4/24/2026, 5:50:05 PM",246.12,0.350,56.07,0.65,
"4/24/2026, 5:45:58 PM",239.39,2.556,471.73,0.771,
"4/24/2026, 5:39:10 PM",241.4,5.068,1052.10,0.86,
"4/24/2026, 5:32:56 PM",243.85,7.431,1409.77,0.778,
"4/24/2026, 5:26:20 PM",247.12,0.771,134.76,0.707,
"4/24/2026, 5:20:26 PM",236.93,0.044,9.21,0.885,
"4/24/2026, 5:14:03 PM",240.5,2.951,620.97,0.875,
"4/24/2026, 5:07:05 PM",245.68,2.376,525.92,0.901,
"4/24/2026, 4:50:52 PM",245,5.357,762.57,0.581,
"4/24/2026, 4:40:29 PM",236.91,0.537,94.18,0.74,
"4/24/2026, 4:36:16 PM",240.51,0.358,57.22,0.664,
"4/24/2026, 4:30:12 PM",231.81,0.469,96.30,0.886,
"4/24/2026, 4:29:05 PM",231.17,7.890,1636.13,0.897,
"4/24/2026, 4:15:12 PM",243.82,0.303,60.52,0.819,Turned off AC
"4/24/2026, 4:12:42 PM",231.14,6.616,989.36,0.647,
"4/24/2026, 3:57:23 PM",237.24,7.207,1189.94,0.696,
"4/24/2026, 3:42:14 PM",238.11,6.297,1305.93,0.871,
"4/24/2026, 3:27:02 PM",230.91,3.959,583.20,0.638,
"4/24/2026, 3:11:54 PM",236.71,6.139,1143.70,0.787,
"4/24/2026, 2:56:37 PM",230.46,6.180,1162.25,0.816,
"4/24/2026, 2:41:36 PM",230.05,5.827,953.09,0.711,
"4/24/2026, 2:26:35 PM",237.94,6.689,1056.74,0.664,
"4/24/2026, 2:22:31 PM",238.26,2.220,404.05,0.764,
"4/24/2026, 12:07:06 PM",233.55,0.470,68.19,0.621,
"4/24/2026, 11:52:05 AM",237.94,0.456,84.77,0.781,
"4/24/2026, 11:37:05 AM",228.29,3.123,627.47,0.88,
"4/24/2026, 11:22:04 AM",237.76,3.105,633.38,0.858,
"4/24/2026, 11:07:01 AM",228.1,3.251,673.25,0.908,
"4/24/2026, 10:52:01 AM",232.4,3.546,730.19,0.886,
"4/24/2026, 10:37:00 AM",231.78,2.818,607.35,0.93,
"4/24/2026, 10:22:00 AM",237.35,2.629,494.75,0.793,
"4/24/2026, 10:06:59 AM",233.98,3.912,709.47,0.775,
"4/24/2026, 9:51:59 AM",241.22,1.484,268.41,0.75,
"4/24/2026, 9:41:58 AM",238.03,2.251,420.52,0.785,
"4/24/2026, 9:32:14 AM",238.99,0.712,156.29,0.918,
"4/24/2026, 9:22:54 AM",243.73,1.866,292.95,0.644,
"4/24/2026, 8:53:14 AM",242.26,0.415,55.25,0.55,
"4/24/2026, 8:38:01 AM",245.13,0.438,88.56,0.825,
"4/23/2026, 7:26:18 AM",243.26,1.016,149.25,0.604,
"4/23/2026, 7:11:04 AM",245.72,1.070,247.77,0.942,
"4/23/2026, 6:56:04 AM",248.06,0.752,160.07,0.858,
"4/23/2026, 6:40:58 AM",245.43,0.773,180.91,0.953,
"4/23/2026, 6:25:57 AM",243.98,0.772,169.36,0.899,
"4/23/2026, 6:10:43 AM",242.64,0.771,102.84,0.55,
"4/23/2026, 5:55:42 AM",243.54,0.407,66.21,0.668,
"4/23/2026, 5:40:32 AM",246.14,0.395,56.15,0.577,
"4/23/2026, 5:25:25 AM",245.8,0.453,88.85,0.798,
"4/23/2026, 5:10:19 AM",248.58,0.435,72.71,0.672,
"4/23/2026, 4:55:19 AM",247.31,0.460,62.60,0.55,
"4/23/2026, 4:40:18 AM",242.28,0.474,63.10,0.55,
"4/23/2026, 4:25:09 AM",244.32,0.387,53.76,0.569,
"4/23/2026, 4:10:08 AM",245.44,0.374,60.35,0.658,
"4/23/2026, 3:54:59 AM",243.93,0.375,59.40,0.649,
"4/23/2026, 3:39:58 AM",246.61,0.410,75.10,0.742,
"4/23/2026, 3:09:48 AM",244.05,0.395,88.49,0.917,
"4/23/2026, 2:54:38 AM",242.99,0.386,74.06,0.79,
"4/23/2026, 2:39:37 AM",243.43,0.392,64.00,0.67,
"4/23/2026, 2:24:32 AM",242.87,0.378,74.69,0.813,
"4/23/2026, 2:09:23 AM",240.59,0.353,46.68,0.55,
"4/23/2026, 1:54:13 AM",246.01,0.372,85.07,0.929,
"4/23/2026, 1:39:12 AM",247.65,0.380,60.66,0.644,
"4/23/2026, 1:24:08 AM",242.67,0.388,83.67,0.888,
"4/23/2026, 1:09:02 AM",246.21,0.381,73.93,0.788,
"4/23/2026, 12:53:54 AM",246.9,0.369,67.16,0.738,
"4/23/2026, 12:38:52 AM",240.87,0.378,50.07,0.55,
"4/23/2026, 12:23:52 AM",241.57,0.403,53.49,0.55,
"4/23/2026, 12:08:46 AM",243.1,0.361,69.60,0.792,
"4/22/2026, 11:53:38 PM",245.91,0.150,22.48,0.609,
"4/22/2026, 11:38:32 PM",243.84,0.138,29.20,0.867,
"4/22/2026, 11:23:32 PM",246.53,0.143,21.38,0.606,
"4/22/2026, 11:08:23 PM",242.45,0.145,19.66,0.558,
"4/22/2026, 10:53:22 PM",240.7,0.149,34.32,0.954,
"4/22/2026, 10:38:21 PM",239.53,0.145,26.40,0.758,
"4/22/2026, 10:23:21 PM",242.61,0.146,28.61,0.808,
"4/22/2026, 10:08:03 PM",239.18,0.139,28.95,0.871,
"4/22/2026, 9:53:02 PM",243.68,0.145,32.47,0.921,
"4/22/2026, 9:37:48 PM",243.73,0.147,19.69,0.55,
"4/22/2026, 9:22:42 PM",240.05,0.155,28.73,0.773,
"4/22/2026, 9:07:42 PM",244.71,0.155,24.48,0.646,
"4/22/2026, 8:37:41 PM",241.2,0.154,27.05,0.726,
"4/22/2026, 8:22:30 PM",236.23,9.530,1438.49,0.639,
"4/22/2026, 8:07:30 PM",244.25,10.473,2092.39,0.818,
"4/22/2026, 7:52:30 PM",238.83,10.135,2110.65,0.872,
"4/22/2026, 7:37:30 PM",237.93,9.924,1697.69,0.719,
"4/22/2026, 7:22:28 PM",237.78,9.925,2171.10,0.92,
"4/22/2026, 7:07:13 PM",237.78,9.272,1525.70,0.692,
"4/22/2026, 6:52:07 PM",244.5,9.934,1913.96,0.788,
"4/22/2026, 6:37:06 PM",237.94,11.377,2032.92,0.751,
"4/22/2026, 6:22:00 PM",235.25,9.258,1779.33,0.817,
"4/22/2026, 6:07:00 PM",237.62,10.392,2054.54,0.832,
"4/22/2026, 5:51:56 PM",231.28,10.267,1899.72,0.8,
"4/22/2026, 5:36:54 PM",237.7,10.173,2173.88,0.899,
"4/22/2026, 5:21:51 PM",235.02,11.251,2181.47,0.825,
"4/22/2026, 5:06:51 PM",234.03,9.370,1328.85,0.606,
"4/22/2026, 4:51:47 PM",233.84,7.533,1264.70,0.718,
"4/22/2026, 4:36:46 PM",232.72,7.280,1160.58,0.685,
"4/22/2026, 4:21:32 PM",228.19,6.008,1051.46,0.767,
"4/22/2026, 4:06:29 PM",230.18,5.578,1127.23,0.878,
"4/22/2026, 3:51:28 PM",229.29,5.685,1137.95,0.873,
"4/22/2026, 3:36:26 PM",232.89,14.680,2707.68,0.792,
"4/22/2026, 3:21:13 PM",228.09,7.031,1294.15,0.807,
"4/22/2026, 2:51:13 PM",231.6,5.286,871.68,0.712,
"4/22/2026, 2:36:07 PM",227.78,4.538,568.52,0.55,
"4/22/2026, 2:21:06 PM",228.06,5.807,1022.47,0.772,
"4/22/2026, 2:06:05 PM",232.75,7.319,1175.39,0.69,
"4/22/2026, 1:50:41 PM",225.12,2.955,565.39,0.85,
"4/22/2026, 1:35:35 PM",235.47,7.724,1502.29,0.826,
"4/22/2026, 1:20:35 PM",229.23,5.580,744.48,0.582,
"4/22/2026, 1:05:34 PM",230.83,4.806,941.93,0.849,
"4/22/2026, 12:50:28 PM",232.21,7.368,1533.00,0.896,
"4/22/2026, 12:35:27 PM",233.61,8.423,1731.67,0.88,
"4/22/2026, 12:20:27 PM",234.6,8.539,1580.63,0.789,
"4/22/2026, 12:05:26 PM",233.62,9.176,1519.93,0.709,
"4/22/2026, 11:50:18 AM",231.43,8.113,1032.66,0.55,
"4/22/2026, 11:35:13 AM",231.52,9.044,1880.36,0.898,
"4/22/2026, 11:20:12 AM",228.75,8.046,1402.49,0.762,
"4/22/2026, 11:05:11 AM",228.61,8.049,1512.57,0.822,
"4/22/2026, 10:50:09 AM",227.46,3.891,778.02,0.879,
"4/22/2026, 10:35:07 AM",232.73,0.829,155.23,0.805,
"4/22/2026, 10:20:07 AM",233.67,0.345,48.64,0.604,
"4/22/2026, 10:04:54 AM",231.29,0.414,52.64,0.55,
"4/22/2026, 9:49:53 AM",233,0.390,74.39,0.819,
"4/22/2026, 9:34:44 AM",232.77,0.360,52.64,0.628,
"4/22/2026, 9:19:36 AM",236.9,0.440,57.30,0.55,
"4/22/2026, 9:04:35 AM",237.5,0.403,57.95,0.606,
"4/22/2026, 8:49:26 AM",230.54,0.482,61.06,0.55,
"4/22/2026, 8:34:23 AM",234.18,0.478,65.95,0.589,
"4/22/2026, 8:19:18 AM",238.75,0.413,60.25,0.611,
"4/22/2026, 8:04:13 AM",239.59,0.486,63.98,0.55,
"4/22/2026, 7:49:05 AM",239.61,0.418,84.49,0.844,
"4/22/2026, 7:34:05 AM",245.61,0.506,68.30,0.55,
"4/22/2026, 7:19:04 AM",246.75,0.861,156.40,0.736,
"4/22/2026, 7:03:57 AM",246.52,0.834,135.85,0.661,
"4/22/2026, 6:48:56 AM",247.77,0.853,171.24,0.81,
"4/22/2026, 6:33:53 AM",242.95,0.878,154.85,0.726,
"4/22/2026, 6:18:48 AM",248.21,0.850,133.77,0.634,
"4/22/2026, 6:03:40 AM",246.59,0.831,125.56,0.613,
"4/22/2026, 5:48:40 AM",243.58,0.219,32.92,0.617,
"4/22/2026, 5:33:35 AM",245.89,0.196,26.46,0.55,
"4/22/2026, 5:18:30 AM",244.86,0.187,41.15,0.897,
"4/22/2026, 5:03:25 AM",243.16,0.207,36.87,0.734,
"4/22/2026, 4:48:20 AM",247.95,0.201,45.59,0.916,
"4/22/2026, 4:33:20 AM",243.71,0.208,35.38,0.698,
"4/22/2026, 4:18:10 AM",248.55,0.205,41.40,0.811,
"4/22/2026, 4:03:06 AM",249.11,0.205,37.45,0.734,
"4/22/2026, 3:47:56 AM",244.08,0.198,26.60,0.55,
"4/22/2026, 3:32:51 AM",243.75,0.190,34.23,0.739,
"4/22/2026, 3:17:50 AM",247.66,0.194,32.53,0.676,
"4/22/2026, 3:02:45 AM",241.94,0.195,28.25,0.599,
"4/22/2026, 2:47:31 AM",243.42,0.198,44.66,0.926,
"4/22/2026, 2:32:31 AM",245.74,0.183,42.86,0.955,
"4/22/2026, 2:17:30 AM",247.03,0.200,37.87,0.766,
"4/22/2026, 2:02:26 AM",245.52,0.181,26.06,0.588,
"4/22/2026, 1:47:25 AM",243.95,0.207,27.80,0.55,
"4/22/2026, 1:32:15 AM",246.34,0.197,43.12,0.889,
"4/22/2026, 1:17:11 AM",242.53,0.178,33.08,0.767,
"4/22/2026, 1:02:10 AM",242.81,0.209,28.50,0.562,
"4/22/2026, 12:32:00 AM",243.83,0.200,43.02,0.881,
"4/22/2026, 12:16:46 AM",242.39,0.193,27.50,0.587,
"4/22/2026, 12:01:36 AM",243.06,0.191,34.87,0.75,
"4/21/2026, 11:46:36 PM",246.12,0.296,40.03,0.55,
"4/21/2026, 11:31:27 PM",247.37,0.274,47.18,0.697,
"4/21/2026, 11:16:26 PM",246.33,0.271,48.81,0.732,
"4/21/2026, 11:01:17 PM",242.82,0.278,37.15,0.55,
"4/21/2026, 10:46:13 PM",240.9,0.277,55.13,0.827,
"4/21/2026, 10:31:12 PM",240.67,0.263,60.02,0.949,
"4/21/2026, 10:16:12 PM",243.97,0.273,53.73,0.808,
"4/21/2026, 10:01:11 PM",242.35,0.273,36.36,0.55,
"4/21/2026, 9:46:06 PM",244.61,0.278,37.41,0.55,
"4/21/2026, 9:31:00 PM",241.36,0.256,36.13,0.585,
"4/21/2026, 9:15:59 PM",244.67,0.246,41.71,0.693,
"4/21/2026, 9:00:42 PM",240.61,0.243,53.86,0.923,
"4/21/2026, 8:45:41 PM",244.27,0.238,43.14,0.743,
"4/21/2026, 8:30:40 PM",241.55,0.234,40.41,0.714,
"4/21/2026, 8:15:24 PM",239.58,0.235,30.96,0.55,
"4/21/2026, 8:00:23 PM",240.07,0.249,35.83,0.6,
"4/21/2026, 7:45:22 PM",243.07,0.284,38.02,0.55,
"4/21/2026, 7:30:12 PM",237.09,0.556,89.86,0.682,
"4/21/2026, 7:15:11 PM",239.57,0.570,84.05,0.615,
"4/21/2026, 7:00:11 PM",239.29,0.868,114.28,0.55,
"4/21/2026, 6:45:05 PM",238.27,1.946,348.72,0.752,
"4/21/2026, 6:30:04 PM",242.52,1.020,222.88,0.901,
"4/21/2026, 6:15:00 PM",238.4,0.988,138.01,0.586,
"4/21/2026, 6:00:00 PM",235.08,0.942,181.22,0.818,
"4/21/2026, 5:44:44 PM",237.08,0.921,150.59,0.69,
"4/21/2026, 5:29:41 PM",235.05,0.837,133.94,0.681,
"4/21/2026, 1:43:45 PM",230.63,0.772,143.72,0.807,
"4/21/2026, 1:28:41 PM",228.28,0.948,120.72,0.558,
"4/21/2026, 1:13:41 PM",226.56,0.974,156.63,0.71,
"4/21/2026, 12:58:40 PM",238.59,0.979,128.51,0.55,
"4/21/2026, 12:43:39 PM",232.75,1.024,200.73,0.842,
"4/21/2026, 12:28:31 PM",236.68,0.993,183.34,0.78,
"4/21/2026, 12:13:21 PM",234.1,0.992,180.92,0.779,
"4/21/2026, 11:58:21 AM",233.54,1.032,198.36,0.823,
"4/21/2026, 11:43:17 AM",231.98,0.983,125.38,0.55,
"4/21/2026, 11:28:16 AM",228.01,0.990,214.58,0.951,
"4/21/2026, 11:13:15 AM",229.16,0.995,145.88,0.64,
"4/21/2026, 10:58:11 AM",230.58,0.999,126.63,0.55,
"4/21/2026, 10:43:04 AM",225.72,5.315,992.23,0.827,
"4/21/2026, 10:27:54 AM",226.18,3.554,735.51,0.915,
"4/21/2026, 10:12:49 AM",230.33,6.457,818.04,0.55,
"4/21/2026, 9:57:48 AM",229.28,2.893,364.84,0.55,
"4/21/2026, 9:42:48 AM",232.36,5.507,703.76,0.55,
"4/21/2026, 9:27:46 AM",230.28,7.889,1222.70,0.673,
"4/21/2026, 9:12:45 AM",235.76,9.821,1692.50,0.731,
"4/21/2026, 8:57:44 AM",236.35,5.890,1181.99,0.849,
"4/21/2026, 8:42:35 AM",228.24,16.866,3118.16,0.81,
"4/21/2026, 8:27:25 AM",231.29,16.454,3116.80,0.819,
"4/21/2026, 8:12:24 AM",233.73,6.736,865.98,0.55,
"4/21/2026, 7:57:23 AM",236.39,5.335,1182.90,0.938,
"4/21/2026, 7:42:23 AM",241.55,8.180,1086.70,0.55,
"4/21/2026, 7:27:15 AM",245.24,1.488,295.86,0.811,
"4/21/2026, 7:12:15 AM",247.11,1.491,202.61,0.55,
"4/21/2026, 6:57:12 AM",248.81,1.517,329.42,0.873,
"4/21/2026, 6:42:08 AM",245.44,1.420,224.79,0.645,
"4/21/2026, 6:26:55 AM",247.6,1.440,272.43,0.764,
"4/21/2026, 6:11:52 AM",248.77,1.520,219.72,0.581,
"4/21/2026, 5:56:51 AM",244.7,1.447,202.13,0.571,
"4/21/2026, 5:41:51 AM",248.05,0.314,69.26,0.889,
"4/21/2026, 5:26:43 AM",248.41,0.324,44.20,0.55,
"4/21/2026, 5:11:42 AM",246.06,0.307,41.51,0.55,
"4/21/2026, 4:56:37 AM",247.26,0.348,52.35,0.609,
"4/21/2026, 4:41:37 AM",246.41,0.339,46.01,0.55,
"4/21/2026, 4:26:28 AM",245.65,0.330,56.63,0.699,
"4/21/2026, 4:11:27 AM",245.24,0.348,46.93,0.55,
"4/21/2026, 3:56:13 AM",250.53,0.346,78.78,0.91,
"4/21/2026, 3:41:09 AM",249.53,0.334,70.81,0.85,
"4/21/2026, 3:26:08 AM",251.63,0.325,73.28,0.897,
"4/21/2026, 3:11:07 AM",246.6,0.330,44.74,0.55,
"4/21/2026, 2:55:53 AM",246.81,0.356,75.52,0.859,
"4/21/2026, 2:40:45 AM",244.48,0.338,46.62,0.564,
"4/21/2026, 2:25:45 AM",247.22,0.353,72.83,0.834,
"4/21/2026, 2:10:44 AM",248.32,0.344,67.61,0.792,
"4/21/2026, 1:55:44 AM",244.25,0.348,80.72,0.949,
"4/21/2026, 1:40:35 AM",245.78,0.354,80.85,0.929,
"4/21/2026, 1:25:34 AM",244.64,0.330,69.74,0.864,
"4/21/2026, 1:10:24 AM",245.96,0.339,65.98,0.792,
"4/21/2026, 12:55:19 AM",242.67,0.355,64.37,0.748,
"4/21/2026, 12:40:15 AM",241.81,0.343,52.12,0.628,
"4/21/2026, 12:25:01 AM",241.04,0.355,52.73,0.616,
"4/21/2026, 12:10:01 AM",246.02,0.319,52.51,0.669,
"4/20/2026, 11:54:57 PM",248.34,0.384,86.31,0.906,
"4/20/2026, 11:39:56 PM",243.34,0.369,66.55,0.741,
"4/20/2026, 11:24:56 PM",244.89,0.384,51.71,0.55,
"4/20/2026, 11:09:55 PM",242.48,0.395,76.03,0.794,
"4/20/2026, 10:54:38 PM",247.67,0.375,51.02,0.55,
"4/20/2026, 10:39:37 PM",244.02,0.392,90.39,0.946,
"4/20/2026, 10:24:28 PM",244.63,0.404,63.30,0.641,
"4/20/2026, 10:09:28 PM",243.89,0.422,91.02,0.885,
"4/20/2026, 9:54:25 PM",243.97,0.435,63.12,0.595,
"4/20/2026, 9:39:24 PM",245.4,0.391,86.94,0.906,
"4/20/2026, 9:24:24 PM",245.88,0.414,80.32,0.789,
"4/20/2026, 9:09:07 PM",244.3,0.650,142.40,0.897,
"4/20/2026, 8:54:05 PM",245,0.653,124.04,0.775,
"4/20/2026, 8:39:05 PM",243.07,0.650,127.89,0.809,
"4/20/2026, 8:23:57 PM",243.47,0.677,154.17,0.936,
"4/20/2026, 8:08:53 PM",245.31,0.670,126.04,0.767,
"4/20/2026, 7:53:49 PM",243.39,0.678,123.27,0.747,
"4/20/2026, 7:23:38 PM",242.78,0.739,140.11,0.781,
"4/20/2026, 7:08:37 PM",241.52,1.072,142.37,0.55,
"4/20/2026, 6:53:34 PM",244.94,1.416,289.90,0.836,
"4/20/2026, 6:38:32 PM",237.97,12.452,2352.85,0.794,
"4/20/2026, 6:23:32 PM",238.63,8.558,1703.14,0.834,
"4/20/2026, 6:08:27 PM",237.69,12.700,2798.38,0.927,
"4/20/2026, 5:53:27 PM",235.09,17.952,3654.71,0.866,
"4/20/2026, 5:38:27 PM",230.27,16.395,3012.66,0.798,
"4/20/2026, 5:23:26 PM",232.54,20.291,3883.24,0.823,
"4/20/2026, 4:53:03 PM",235.12,13.723,1774.60,0.55,
"4/20/2026, 4:23:02 PM",232.39,9.835,1257.07,0.55,
"4/20/2026, 4:08:01 PM",234.09,8.930,1258.38,0.602,
"4/20/2026, 3:53:01 PM",232.5,21.640,4583.57,0.911,
"4/20/2026, 3:37:58 PM",233.94,19.468,4426.89,0.972,
"4/20/2026, 3:22:47 PM",236.46,1.498,216.82,0.612,
"4/20/2026, 3:07:46 PM",231.75,1.460,203.35,0.601,
"4/20/2026, 2:52:41 PM",235.11,1.518,315.77,0.885,
"4/20/2026, 2:37:40 PM",232.23,1.422,257.65,0.78,
"4/20/2026, 2:22:39 PM",230.89,1.534,209.01,0.59,
"4/20/2026, 2:07:26 PM",234.67,1.773,228.80,0.55,
"4/20/2026, 1:52:25 PM",231.94,1.775,226.45,0.55,
"4/20/2026, 1:37:24 PM",238.7,2.105,374.30,0.745,
"4/20/2026, 1:22:24 PM",230.52,1.983,300.77,0.658,
"4/20/2026, 1:07:17 PM",231.66,1.986,281.16,0.611,
"4/20/2026, 12:52:07 PM",239.95,2.208,413.25,0.78,
"4/20/2026, 12:22:00 PM",232.95,2.776,355.67,0.55,
"4/20/2026, 12:06:59 PM",234.72,2.963,382.47,0.55,
"4/20/2026, 11:51:56 AM",237.87,4.402,846.05,0.808,
"4/20/2026, 11:36:52 AM",233.55,2.727,566.89,0.89,
"4/20/2026, 11:21:49 AM",235.35,1.594,274.22,0.731,
"4/20/2026, 11:06:44 AM",231.91,1.437,288.02,0.864,
"4/20/2026, 10:51:36 AM",230.92,1.464,223.14,0.66,
"4/20/2026, 10:36:35 AM",234.31,1.326,170.83,0.55,
"4/20/2026, 10:21:34 AM",232.68,1.586,273.09,0.74,
"4/20/2026, 10:06:26 AM",239.87,1.438,240.04,0.696,
"4/20/2026, 9:51:26 AM",237.92,1.459,190.95,0.55,
"4/20/2026, 9:36:24 AM",236.46,1.605,333.23,0.878,
"4/20/2026, 9:21:13 AM",231.9,1.770,267.25,0.651,
"4/20/2026, 9:06:12 AM",239.8,2.141,282.42,0.55,
"4/20/2026, 8:51:11 AM",242.59,3.448,460.10,0.55,
"4/20/2026, 8:21:09 AM",243.99,3.739,713.46,0.782,
"4/20/2026, 8:05:56 AM",243.67,2.555,551.57,0.886,
"4/20/2026, 7:50:53 AM",247.17,2.467,437.21,0.717,
"4/20/2026, 7:35:48 AM",249.1,2.079,435.96,0.842,
"4/20/2026, 7:20:45 AM",249.03,3.982,883.49,0.891,
"4/20/2026, 7:05:45 AM",249.54,4.006,712.83,0.713,
"4/20/2026, 6:50:37 AM",249.88,3.889,805.70,0.829,
"4/20/2026, 6:35:37 AM",246.34,4.538,697.57,0.624,
"4/20/2026, 6:20:35 AM",252.06,3.625,775.75,0.849,
"4/20/2026, 6:05:34 AM",251.01,3.807,525.58,0.55,
"4/20/2026, 5:50:34 AM",246.59,3.714,503.65,0.55,
"4/20/2026, 5:35:13 AM",244.57,0.729,106.79,0.599,
"4/20/2026, 5:20:13 AM",246.7,0.702,95.31,0.55,
"4/20/2026, 5:05:08 AM",253.59,0.725,167.02,0.909,
"4/20/2026, 4:50:08 AM",249.05,0.718,121.09,0.677,
"4/20/2026, 4:35:06 AM",249.19,0.664,145.23,0.878,
"4/20/2026, 4:20:05 AM",249.82,0.690,143.86,0.835,
"4/20/2026, 4:04:56 AM",248.58,0.667,151.31,0.912,
"4/20/2026, 3:49:51 AM",252.16,0.708,113.55,0.636,
"4/20/2026, 3:34:43 AM",251.46,0.716,99.07,0.55,
"4/20/2026, 3:19:43 AM",248.26,0.702,150.39,0.863,
"4/20/2026, 3:04:39 AM",251.56,0.694,96.03,0.55,
"4/20/2026, 2:49:35 AM",246.73,0.691,126.01,0.739,
"4/20/2026, 2:34:35 AM",249.95,0.677,133.70,0.79,
"4/20/2026, 2:19:26 AM",249.9,0.688,142.28,0.828,
"4/20/2026, 2:04:26 AM",250.67,0.696,136.62,0.783,
"4/20/2026, 1:49:13 AM",250.86,0.672,155.45,0.922,
"4/20/2026, 1:34:13 AM",249.55,0.697,109.41,0.629,
"4/20/2026, 1:19:09 AM",251.55,0.684,115.13,0.669,
"4/20/2026, 1:04:05 AM",251.2,0.687,112.42,0.651,
"4/20/2026, 12:49:05 AM",247.05,0.700,113.58,0.657,
"4/20/2026, 12:33:49 AM",250.64,0.733,158.08,0.861,
"4/20/2026, 12:18:48 AM",246.63,0.741,116.71,0.639,
"4/20/2026, 12:03:47 AM",248.58,0.695,124.10,0.718,
"4/19/2026, 11:48:39 PM",246.34,0.225,30.45,0.55,
"4/19/2026, 11:33:39 PM",249.74,0.245,33.63,0.55,
"4/19/2026, 11:18:36 PM",245.21,0.240,32.32,0.55,
"4/19/2026, 11:03:35 PM",243.34,0.237,34.85,0.605,
"4/19/2026, 10:48:31 PM",245.62,0.277,61.88,0.911,
"4/19/2026, 10:33:25 PM",246.29,0.245,33.20,0.55,
"4/19/2026, 10:18:24 PM",247.67,0.244,56.71,0.939,
"4/19/2026, 10:03:17 PM",244.96,0.236,51.83,0.897,
"4/19/2026, 9:48:00 PM",247.03,0.246,48.72,0.803,
"4/19/2026, 9:33:00 PM",242.45,0.237,49.80,0.867,
"4/19/2026, 9:18:00 PM",247.72,0.240,51.48,0.866,
"4/19/2026, 9:02:58 PM",244.81,0.251,54.23,0.883,
"4/19/2026, 8:47:56 PM",242.52,0.218,42.50,0.804,
"4/19/2026, 8:32:52 PM",242.17,0.235,44.98,0.79,
"4/19/2026, 8:17:34 PM",248.01,0.245,39.55,0.652,
"4/19/2026, 7:47:30 PM",243.87,0.249,46.55,0.768,
"4/19/2026, 7:32:30 PM",249.09,0.297,59.33,0.802,
"4/19/2026, 7:17:29 PM",240.79,0.265,46.05,0.722,
"4/19/2026, 7:02:29 PM",241.24,0.641,109.14,0.706,
"4/19/2026, 6:47:17 PM",242.17,0.307,57.80,0.778,
"4/19/2026, 6:32:16 PM",239.44,0.318,56.61,0.744,
"4/19/2026, 6:17:15 PM",243.06,0.297,39.72,0.55,
"4/19/2026, 5:47:13 PM",243.13,1.356,212.68,0.645,
"4/19/2026, 5:32:12 PM",242.81,2.622,609.94,0.958,
"4/19/2026, 5:17:04 PM",244.44,2.959,625.69,0.865,
"4/19/2026, 5:01:42 PM",243.63,3.510,591.76,0.692,
"4/19/2026, 4:46:38 PM",248.78,1.133,273.11,0.969,
"4/19/2026, 4:31:38 PM",249.85,1.431,345.07,0.965,
"4/19/2026, 4:16:36 PM",244.96,1.195,198.69,0.679,
"4/19/2026, 4:01:33 PM",248.24,1.350,257.41,0.768,
"4/19/2026, 3:46:32 PM",245.4,1.260,251.35,0.813,
"4/19/2026, 3:31:24 PM",245.95,1.568,264.96,0.687,
"4/19/2026, 3:16:16 PM",244.05,1.025,213.04,0.852,
"4/19/2026, 3:01:16 PM",246.51,1.233,256.25,0.843,
"4/19/2026, 2:46:13 PM",242.42,1.134,233.48,0.849,
"4/19/2026, 2:31:13 PM",244.73,1.442,316.81,0.898,
"4/19/2026, 2:16:11 PM",244.21,1.313,176.39,0.55,
"4/19/2026, 2:01:10 PM",243.5,1.195,160.08,0.55,
"4/19/2026, 1:46:01 PM",244.07,1.121,243.24,0.889,
"4/19/2026, 1:30:49 PM",246.24,1.298,306.53,0.959,
"4/19/2026, 1:15:49 PM",248.48,1.241,272.56,0.884,
"4/19/2026, 1:00:48 PM",241.41,1.034,218.44,0.875,
"4/19/2026, 12:45:47 PM",244.8,1.269,170.82,0.55,
"4/19/2026, 12:30:47 PM",243.76,1.190,237.63,0.819,
"4/19/2026, 12:15:42 PM",247.21,1.246,169.42,0.55,
"4/19/2026, 12:00:41 PM",242.63,1.347,179.80,0.55,
"4/19/2026, 11:45:40 AM",243.25,1.021,136.62,0.55,
"4/19/2026, 11:30:27 AM",246.28,1.081,154.14,0.579,
"4/19/2026, 11:15:27 AM",247.28,1.038,200.89,0.783,
"4/19/2026, 11:00:24 AM",245.43,1.114,150.32,0.55,
"4/19/2026, 10:45:23 AM",242.74,1.211,167.58,0.57,
"4/19/2026, 10:30:22 AM",245.5,1.280,277.52,0.883,
"4/19/2026, 10:15:21 AM",244.66,4.962,667.69,0.55,
"4/19/2026, 9:59:59 AM",248.47,5.281,898.84,0.685,
"4/19/2026, 9:44:56 AM",245.03,1.017,223.96,0.899,
"4/19/2026, 9:29:56 AM",244.07,1.432,318.37,0.911,
"4/19/2026, 9:14:46 AM",247.7,1.241,294.89,0.959,
"4/19/2026, 8:59:45 AM",246.43,1.064,195.94,0.747,
"4/19/2026, 8:44:44 AM",246.88,1.216,261.88,0.872,
"4/19/2026, 8:29:43 AM",248.91,1.457,335.18,0.924,
"4/19/2026, 8:14:42 AM",247.39,1.294,283.99,0.887,
"4/19/2026, 7:59:34 AM",248.05,1.169,268.84,0.927,
"4/19/2026, 7:44:34 AM",246.01,1.275,172.54,0.55,
"4/19/2026, 7:29:22 AM",249.67,1.117,189.72,0.68,
"4/19/2026, 7:14:22 AM",250.94,1.365,269.17,0.786,
"4/19/2026, 6:59:14 AM",249.71,1.295,276.16,0.854,
"4/19/2026, 6:44:14 AM",248.62,1.088,240.01,0.887,
"4/19/2026, 6:29:13 AM",246.57,1.311,177.74,0.55,
"4/19/2026, 6:14:12 AM",248.92,1.229,168.23,0.55,
"4/19/2026, 5:59:12 AM",250.08,1.699,405.79,0.955,
"4/19/2026, 5:43:59 AM",247,1.512,205.35,0.55,
"4/19/2026, 5:28:56 AM",245.14,0.253,34.13,0.55,
"4/19/2026, 5:13:55 AM",246.39,0.244,55.87,0.931,
"4/19/2026, 4:58:43 AM",247.89,0.259,46.44,0.722,
"4/19/2026, 4:43:43 AM",250.8,0.245,46.62,0.759,
"4/19/2026, 4:28:34 AM",247.5,0.238,51.94,0.881,
"4/19/2026, 4:13:34 AM",253.66,0.242,36.98,0.602,
"4/19/2026, 3:58:29 AM",251.13,0.228,47.56,0.83,
"4/19/2026, 3:43:27 AM",245.67,0.249,34.92,0.57,
"4/19/2026, 3:28:26 AM",245.74,0.228,51.24,0.913,
"4/19/2026, 3:13:26 AM",248.43,0.240,55.64,0.932,
"4/19/2026, 2:58:12 AM",250.09,0.243,53.91,0.886,
"4/19/2026, 2:43:04 AM",248.22,0.239,44.98,0.757,
"4/19/2026, 2:28:04 AM",245.45,0.247,35.86,0.591,
"4/19/2026, 2:12:52 AM",245.11,0.244,41.67,0.698,
"4/19/2026, 1:57:52 AM",246.41,0.234,31.67,0.55,
"4/19/2026, 1:42:51 AM",244.93,0.241,40.10,0.678,
"4/19/2026, 1:27:43 AM",241.53,0.239,31.71,0.55,
"4/19/2026, 1:12:42 AM",244.27,0.235,54.51,0.949,
"4/19/2026, 12:57:38 AM",248.15,0.237,39.23,0.666,
"4/19/2026, 12:42:34 AM",246.36,0.226,41.39,0.742,
"4/19/2026, 12:27:25 AM",242.61,0.226,30.22,0.55,
"4/19/2026, 12:12:24 AM",247.43,0.236,45.57,0.782,
"4/18/2026, 11:57:23 PM",245.31,0.230,48.74,0.863,
"4/18/2026, 11:42:22 PM",243.86,0.234,55.34,0.971,
"4/18/2026, 11:27:12 PM",249.13,0.235,32.17,0.55,
"4/18/2026, 11:12:04 PM",245.9,0.250,33.83,0.55,
"4/18/2026, 10:56:59 PM",245.57,0.229,33.20,0.59,
"4/18/2026, 10:41:57 PM",242.52,0.236,31.46,0.55,
"4/18/2026, 10:26:56 PM",242.24,0.255,48.09,0.779,
"4/18/2026, 10:11:55 PM",243.5,0.258,58.87,0.936,
"4/18/2026, 9:56:47 PM",244.4,0.243,54.80,0.923,
"4/18/2026, 9:41:43 PM",246.79,0.253,52.72,0.843,
"4/18/2026, 9:26:38 PM",244.86,0.243,32.68,0.55,
"4/18/2026, 9:11:34 PM",247.6,0.243,33.06,0.55,
"4/18/2026, 8:56:25 PM",240.72,0.237,44.74,0.785,
"4/18/2026, 8:41:21 PM",242.95,0.233,31.07,0.55,
"4/18/2026, 8:26:21 PM",242.68,0.228,30.45,0.55,
"4/18/2026, 8:11:17 PM",238.28,0.229,42.37,0.775,
"4/18/2026, 7:56:17 PM",242.79,0.234,43.17,0.759,
"4/18/2026, 7:41:13 PM",244.19,0.295,46.53,0.647,
"4/18/2026, 7:26:11 PM",239.71,0.311,41.01,0.55,
"4/18/2026, 7:11:00 PM",240.51,0.302,39.90,0.55,
"4/18/2026, 6:55:52 PM",241.34,0.303,70.53,0.964,
"4/18/2026, 6:40:51 PM",242.06,0.313,41.61,0.55,
"4/18/2026, 6:25:45 PM",241.55,0.312,66.33,0.88,
"4/18/2026, 6:10:44 PM",245.19,0.285,58.10,0.831,
"4/18/2026, 5:55:44 PM",241.49,2.295,304.76,0.55,
"4/18/2026, 5:40:33 PM",240.94,2.003,288.59,0.598,
"4/18/2026, 5:25:32 PM",245.66,1.975,345.39,0.712,
"4/18/2026, 5:10:32 PM",240.42,2.516,332.73,0.55,
"4/18/2026, 4:55:29 PM",241.67,2.640,515.43,0.808,
"4/18/2026, 4:40:13 PM",243.24,2.195,293.66,0.55,
"4/18/2026, 4:25:12 PM",240.09,2.670,578.96,0.903,
"4/18/2026, 4:10:12 PM",243.85,2.335,460.00,0.808,
"4/18/2026, 3:55:08 PM",241.22,2.317,464.94,0.832,
"4/18/2026, 3:40:01 PM",239.36,2.269,377.95,0.696,
"4/18/2026, 3:25:01 PM",240.28,2.553,502.45,0.819,
"4/18/2026, 3:09:57 PM",239.41,2.480,450.67,0.759,
"4/18/2026, 2:54:55 PM",244.21,2.525,524.23,0.85,
"4/18/2026, 2:39:55 PM",236.91,2.899,522.60,0.761,
"4/18/2026, 2:24:40 PM",238.72,3.177,504.37,0.665,
"4/18/2026, 2:09:37 PM",240.13,3.050,568.35,0.776,
"4/18/2026, 1:54:33 PM",243.09,3.162,422.76,0.55,
"4/18/2026, 1:39:32 PM",236.59,1.707,268.95,0.666,
"4/18/2026, 1:24:31 PM",238.38,2.751,423.59,0.646,
"4/18/2026, 1:09:30 PM",239.2,3.085,405.80,0.55,
"4/18/2026, 12:54:29 PM",242.05,4.992,930.39,0.77,
"4/18/2026, 12:39:28 PM",240.78,4.566,604.64,0.55,
"4/18/2026, 12:24:15 PM",240.77,3.775,645.40,0.71,
"4/18/2026, 12:09:14 PM",243.42,1.945,455.35,0.962,
"4/18/2026, 11:39:10 AM",241.55,1.201,264.92,0.913,
"4/18/2026, 11:23:55 AM",243.43,1.354,277.76,0.843,
"4/18/2026, 11:08:51 AM",235.52,1.050,195.13,0.789,
"4/18/2026, 10:53:48 AM",237.9,1.037,203.80,0.826,
"4/18/2026, 10:38:46 AM",232.21,1.249,199.85,0.689,
"4/18/2026, 10:23:45 AM",233.11,1.005,145.66,0.622,
"4/18/2026, 10:08:43 AM",235.25,0.996,132.40,0.565,
"4/18/2026, 9:53:43 AM",239.87,0.994,227.78,0.955,
"4/18/2026, 9:38:24 AM",239.93,3.291,434.33,0.55,
"4/18/2026, 9:23:21 AM",238.99,3.455,574.65,0.696,
"4/18/2026, 9:08:19 AM",241.77,3.402,621.04,0.755,
"4/18/2026, 8:53:18 AM",241.74,1.199,233.02,0.804,
"4/18/2026, 8:38:17 AM",243.63,1.550,207.76,0.55,
"4/18/2026, 8:23:14 AM",244.65,1.598,265.41,0.679,
"4/18/2026, 8:08:12 AM",245.47,1.608,313.37,0.794,
"4/18/2026, 7:53:10 AM",246.66,1.020,176.29,0.701,
"4/18/2026, 7:37:58 AM",246.34,1.025,225.84,0.894,
"4/18/2026, 7:22:54 AM",249.02,1.112,176.61,0.638,
"4/18/2026, 7:07:54 AM",250.92,1.344,299.50,0.888,
"4/18/2026, 6:52:51 AM",246.02,1.146,170.58,0.605,
"4/18/2026, 6:37:50 AM",246.77,1.102,246.60,0.907,
"4/18/2026, 6:22:49 AM",247.08,1.376,187.03,0.55,
"4/18/2026, 6:07:48 AM",251.43,1.371,246.05,0.714,
"4/18/2026, 5:52:26 AM",248.96,1.325,322.35,0.977,
"4/18/2026, 5:37:23 AM",245.61,0.238,48.10,0.824,
"4/18/2026, 5:22:22 AM",251.47,0.236,49.69,0.838,
"4/18/2026, 5:07:16 AM",251.23,0.243,55.30,0.904,
"4/18/2026, 4:52:14 AM",248.05,0.244,52.42,0.865,
"4/18/2026, 4:37:14 AM",247.05,0.234,54.25,0.94,
"4/18/2026, 4:22:09 AM",251.77,0.240,45.29,0.749,
"4/18/2026, 4:07:07 AM",250.93,0.239,45.29,0.756,
"4/18/2026, 3:52:06 AM",250.9,0.224,35.90,0.638,
"4/18/2026, 3:37:05 AM",250.82,0.226,31.14,0.55,
"4/18/2026, 3:21:46 AM",244.78,0.215,28.98,0.55,
"4/18/2026, 3:06:46 AM",246.88,0.228,52.40,0.93,
"4/18/2026, 2:51:46 AM",246.13,0.233,54.53,0.952,
"4/18/2026, 2:36:46 AM",245.66,0.219,29.64,0.55,
"4/18/2026, 2:21:29 AM",248.86,0.227,31.06,0.55,
"4/18/2026, 2:06:27 AM",245.36,0.227,48.97,0.879,
"4/18/2026, 1:51:27 AM",246.43,0.225,30.47,0.55,
"4/18/2026, 1:36:19 AM",248.8,0.228,31.15,0.55,
"4/18/2026, 1:21:18 AM",248.37,0.226,45.14,0.804,
"4/18/2026, 1:06:09 AM",244.04,0.229,46.26,0.826,
"4/18/2026, 12:51:07 AM",246.76,0.229,39.61,0.701,
"4/18/2026, 12:36:06 AM",243.82,0.230,34.76,0.621,
"4/18/2026, 12:21:05 AM",244.03,0.215,50.15,0.954,
"4/18/2026, 12:05:53 AM",249.01,0.216,49.04,0.911,
"4/17/2026, 11:50:52 PM",247.22,0.229,52.48,0.926,
"4/17/2026, 11:35:40 PM",245.82,0.227,30.67,0.55,
"4/17/2026, 11:20:40 PM",241.45,0.213,47.51,0.922,
"4/17/2026, 11:05:39 PM",245.06,0.211,46.34,0.897,
"4/17/2026, 10:50:32 PM",243.08,0.207,43.56,0.865,
"4/17/2026, 10:35:32 PM",241.07,0.209,35.46,0.704,
"4/17/2026, 10:20:31 PM",243.36,0.220,29.47,0.55,
"4/17/2026, 10:05:23 PM",242.82,0.215,45.40,0.869,
"4/17/2026, 9:50:23 PM",241.6,0.216,44.68,0.856,
"4/17/2026, 9:35:13 PM",240.9,0.226,38.01,0.699,
"4/17/2026, 9:20:13 PM",242.87,0.225,45.45,0.833,
"4/17/2026, 9:05:12 PM",241.82,0.251,52.29,0.863,
"4/17/2026, 8:50:11 PM",245.44,0.233,43.01,0.752,
"4/17/2026, 8:34:58 PM",239.68,0.227,44.69,0.821,
"4/17/2026, 8:19:56 PM",242.83,0.232,48.93,0.868,
"4/17/2026, 8:04:49 PM",244.12,0.233,37.06,0.651,
"4/17/2026, 7:49:48 PM",242.06,0.246,44.16,0.743,
"4/17/2026, 7:34:46 PM",244.12,0.239,32.03,0.55,
"4/17/2026, 7:19:35 PM",241.22,0.295,44.91,0.632,
"4/17/2026, 7:04:34 PM",241.28,0.286,44.75,0.648,
"4/17/2026, 6:49:16 PM",241.4,0.851,113.02,0.55,
"4/17/2026, 6:34:15 PM",238.5,0.858,150.19,0.734,
"4/17/2026, 6:19:14 PM",246.3,0.887,128.09,0.586,
"4/17/2026, 6:04:14 PM",241.16,0.853,113.16,0.55,
"4/17/2026, 5:49:10 PM",240.2,1.719,258.92,0.627,
"4/17/2026, 5:34:10 PM",240.57,1.105,167.79,0.631,
"4/17/2026, 5:19:06 PM",242.01,1.929,256.76,0.55,
"4/17/2026, 5:04:00 PM",243.36,2.135,401.57,0.773,
"4/17/2026, 4:48:54 PM",241.61,2.173,288.81,0.55,
"4/17/2026, 4:33:46 PM",243.19,2.392,389.17,0.669,
"4/17/2026, 4:18:43 PM",239.9,2.028,330.80,0.68,
"4/17/2026, 4:03:43 PM",245.29,2.260,369.16,0.666,
"4/17/2026, 3:48:38 PM",244.64,2.087,376.29,0.737,
"4/17/2026, 3:33:38 PM",240.07,2.248,422.60,0.783,
"4/17/2026, 3:18:25 PM",242.98,2.384,450.17,0.777,
"4/17/2026, 3:03:25 PM",239.3,1.856,244.26,0.55,
"4/17/2026, 2:48:24 PM",240.15,2.111,399.40,0.788,
"4/17/2026, 2:33:24 PM",238.41,1.152,225.74,0.822,
"4/17/2026, 2:18:20 PM",240.8,1.611,213.38,0.55,
"4/17/2026, 2:03:11 PM",240.9,1.864,246.97,0.55,
"4/17/2026, 1:48:11 PM",241.19,1.993,283.12,0.589,
"4/17/2026, 1:33:10 PM",239.67,2.319,305.74,0.55,
"4/17/2026, 1:18:09 PM",236.09,2.313,300.28,0.55,
"4/17/2026, 1:03:08 PM",239.39,2.493,328.27,0.55,
"4/17/2026, 12:48:07 PM",241.24,2.666,486.91,0.757,
"4/17/2026, 12:33:06 PM",244.53,2.358,317.12,0.55,
"4/17/2026, 12:18:05 PM",241.5,3.177,551.67,0.719,
"4/17/2026, 12:03:04 PM",244.32,2.345,543.06,0.948,
"4/17/2026, 11:47:58 AM",246.41,2.710,502.24,0.752,
"4/17/2026, 11:32:56 AM",243.26,2.294,507.79,0.91,
"4/17/2026, 11:17:51 AM",243.99,2.264,484.96,0.878,
"4/17/2026, 11:02:50 AM",241.26,2.502,444.25,0.736,
"4/17/2026, 10:47:50 AM",237.48,3.208,443.32,0.582,
"4/17/2026, 10:32:50 AM",240.15,3.056,632.52,0.862,
"4/17/2026, 10:17:48 AM",242.77,2.544,495.30,0.802,
"4/17/2026, 10:02:47 AM",239.86,3.069,451.27,0.613,
"4/17/2026, 9:47:46 AM",244.61,2.436,381.95,0.641,
"4/17/2026, 9:32:44 AM",243.23,0.945,159.26,0.693,
"4/17/2026, 9:17:35 AM",242.51,0.912,180.62,0.817,
"4/17/2026, 9:02:34 AM",244.52,1.776,285.74,0.658,
"4/17/2026, 8:47:25 AM",242.07,1.945,258.99,0.55,
"4/17/2026, 8:32:18 AM",243.89,1.832,383.27,0.858,
"4/17/2026, 8:17:17 AM",242.12,2.395,396.69,0.684,
"4/17/2026, 8:02:08 AM",244.78,3.005,404.60,0.55,
"4/17/2026, 7:46:58 AM",247.31,0.969,196.42,0.82,
"4/17/2026, 7:31:57 AM",249.15,0.975,133.55,0.55,
"4/17/2026, 7:16:53 AM",248.33,0.965,131.74,0.55,
"4/17/2026, 7:01:45 AM",249.93,0.970,153.65,0.634,
"4/17/2026, 6:46:45 AM",249.37,0.968,178.06,0.738,
"4/17/2026, 6:31:38 AM",248.69,0.967,145.80,0.606,
"4/17/2026, 6:16:38 AM",246.53,0.974,187.08,0.779,
"4/17/2026, 6:01:35 AM",250.04,0.241,43.22,0.716,
"4/17/2026, 5:46:34 AM",250.47,0.253,56.08,0.886,
"4/17/2026, 5:31:26 AM",246,0.248,47.60,0.78,
"4/17/2026, 5:16:26 AM",251.66,0.249,40.52,0.646,
"4/17/2026, 5:01:14 AM",245.73,0.243,32.89,0.55,
"4/17/2026, 4:46:12 AM",249.27,0.250,34.34,0.55,
"4/17/2026, 4:31:12 AM",251.66,0.228,35.59,0.619,
"4/17/2026, 4:16:12 AM",246.86,0.239,37.58,0.637,
"4/17/2026, 4:00:54 AM",248.87,0.243,41.86,0.693,
"4/17/2026, 3:45:50 AM",251.13,0.237,43.70,0.735,
"4/17/2026, 3:30:41 AM",245.19,0.245,46.76,0.778,
"4/17/2026, 3:15:40 AM",245.8,0.241,54.96,0.928,
"4/17/2026, 3:00:35 AM",248.72,0.241,51.92,0.866,
"4/17/2026, 2:45:29 AM",248.4,0.241,54.14,0.906,
"4/17/2026, 2:30:29 AM",248.3,0.239,44.21,0.745,
"4/17/2026, 2:15:29 AM",246.15,0.249,51.30,0.838,
"4/17/2026, 2:00:28 AM",246.61,0.243,50.04,0.834,
"4/17/2026, 1:45:27 AM",249.18,0.229,31.34,0.55,
"4/17/2026, 1:30:26 AM",250.86,0.245,58.55,0.953,
"4/17/2026, 1:15:24 AM",248.93,0.243,50.63,0.836,
"4/17/2026, 1:00:24 AM",251.37,0.251,53.79,0.851,
"4/17/2026, 12:45:23 AM",247.43,0.251,60.94,0.98,
"4/17/2026, 12:30:22 AM",248.56,0.241,44.74,0.746,
"4/17/2026, 12:15:22 AM",246.1,0.239,35.76,0.609,
"4/17/2026, 12:00:21 AM",250.28,0.254,45.19,0.71,
"4/16/2026, 11:45:20 PM",244.59,0.367,52.56,0.585,
"4/16/2026, 11:30:20 PM",245.17,0.370,84.32,0.929,
"4/16/2026, 11:15:18 PM",242.98,0.386,85.05,0.906,
"4/16/2026, 11:00:09 PM",243.57,0.386,88.97,0.946,
"4/16/2026, 10:45:00 PM",246.01,0.360,64.16,0.724,
"4/16/2026, 10:29:59 PM",245.46,0.378,82.78,0.893,
"4/16/2026, 10:14:55 PM",244.77,0.368,62.39,0.693,
"4/16/2026, 9:59:40 PM",244.94,0.369,80.61,0.893,
"4/16/2026, 9:44:36 PM",241.63,0.373,72.93,0.809,
"4/16/2026, 9:29:35 PM",244.4,0.385,81.98,0.871,
"4/16/2026, 9:14:33 PM",240.92,0.382,66.89,0.726,
"4/16/2026, 8:59:24 PM",240.98,0.366,48.47,0.55,
"4/16/2026, 8:44:23 PM",242.89,0.363,50.64,0.574,
"4/16/2026, 8:29:16 PM",245.04,0.379,51.12,0.55,
"4/16/2026, 8:14:15 PM",241.45,0.364,76.21,0.866,
"4/16/2026, 7:59:15 PM",239.97,0.478,73.80,0.644,
"4/16/2026, 7:44:15 PM",240.85,0.479,71.59,0.621,
"4/16/2026, 7:29:14 PM",240.21,0.485,106.99,0.918,
"4/16/2026, 7:14:14 PM",238.41,0.500,109.27,0.917,
"4/16/2026, 6:59:13 PM",241.3,0.583,123.71,0.88,
"4/16/2026, 6:44:12 PM",241.34,0.992,159.26,0.665,
"4/16/2026, 6:29:00 PM",240.85,5.088,768.42,0.627,
"4/16/2026, 6:13:54 PM",237.26,1.355,297.98,0.927,
"4/16/2026, 5:58:53 PM",240.63,12.077,2403.25,0.827,
"4/16/2026, 5:43:52 PM",233.18,7.756,1551.76,0.858,
"4/16/2026, 5:28:49 PM",234.81,1.004,194.53,0.825,
"4/16/2026, 5:13:48 PM",236.98,0.997,219.52,0.929,
"4/16/2026, 4:58:47 PM",237.44,0.944,178.82,0.798,
"4/16/2026, 2:58:43 PM",239.2,0.878,186.76,0.889,
"4/16/2026, 2:43:42 PM",238.86,0.901,122.30,0.568,
"4/16/2026, 1:28:25 PM",231.47,1.299,177.77,0.591,
"4/16/2026, 1:13:20 PM",237.97,1.358,287.69,0.89,
"4/16/2026, 12:58:09 PM",240.36,1.445,309.91,0.892,
"4/16/2026, 12:43:09 PM",239.2,1.411,297.74,0.882,
"4/16/2026, 12:28:06 PM",238.33,1.556,335.66,0.905,
"4/16/2026, 12:12:53 PM",240.44,7.087,1180.87,0.693,
"4/16/2026, 11:57:53 AM",239.94,9.630,2158.20,0.934,
"4/16/2026, 11:42:52 AM",237.45,9.066,1205.52,0.56,
"4/16/2026, 11:27:39 AM",233.75,7.705,1493.04,0.829,
"4/16/2026, 11:12:27 AM",231.45,7.782,1149.16,0.638,
"4/16/2026, 10:57:21 AM",234.98,3.748,708.00,0.804,
"4/16/2026, 10:42:16 AM",233.3,10.486,2042.65,0.835,
"4/16/2026, 10:27:14 AM",233.95,8.281,1706.74,0.881,
"4/16/2026, 10:12:13 AM",237.13,5.555,949.71,0.721,
"4/16/2026, 9:57:13 AM",237.36,0.999,136.64,0.576,
"4/16/2026, 9:42:12 AM",237.69,1.001,197.70,0.831,
"4/16/2026, 9:27:11 AM",239.82,0.984,151.05,0.64,
"4/16/2026, 9:12:10 AM",236.44,0.949,170.58,0.76,
"4/16/2026, 8:57:10 AM",239.26,12.477,1952.40,0.654,
"4/16/2026, 8:42:08 AM",240.5,6.110,891.93,0.607,
"4/15/2026, 8:56:55 PM",250.96,0.109,24.17,0.886,
"4/15/2026, 5:56:45 PM",244.19,0.514,105.60,0.842,
"4/15/2026, 5:39:50 PM",246.14,0.409,66.68,0.662,
"4/15/2026, 5:31:52 PM",241.41,0.362,69.73,0.798,
"4/15/2026, 5:03:50 PM",243.69,0.354,68.71,0.797,
"4/15/2026, 4:24:39 PM",241.26,0.350,79.71,0.943,
"4/15/2026, 7:30:43 AM",247.72,6.018,1210.47,0.812,
"4/15/2026, 7:00:36 AM",247.12,0.698,133.61,0.775,
"4/15/2026, 6:45:30 AM",244.22,0.556,112.63,0.83,
"4/15/2026, 6:30:25 AM",244.96,0.581,89.17,0.627,
"4/15/2026, 6:15:10 AM",245.92,0.580,133.12,0.934,
"4/15/2026, 6:00:07 AM",244.85,0.579,104.48,0.737,
"4/15/2026, 5:45:07 AM",245.1,0.125,17.25,0.562,
"4/15/2026, 5:30:06 AM",245.07,0.126,24.92,0.806,
"4/15/2026, 5:15:00 AM",247.99,0.121,16.49,0.55,
"4/15/2026, 4:59:55 AM",245.07,0.129,26.79,0.847,
"4/15/2026, 4:44:42 AM",250.23,0.129,23.96,0.744,
"4/15/2026, 4:29:42 AM",250.17,0.123,23.53,0.763,
"4/15/2026, 4:14:41 AM",250.42,0.128,29.70,0.93,
"4/15/2026, 3:59:35 AM",248.61,0.119,18.86,0.64,
"4/15/2026, 3:44:20 AM",247.11,0.123,22.44,0.736,
"4/15/2026, 3:29:15 AM",244.3,0.124,28.07,0.929,
"4/15/2026, 3:14:04 AM",243.73,0.146,27.30,0.768,
"4/15/2026, 2:58:58 AM",247.48,0.145,25.95,0.721,
"4/15/2026, 2:43:56 AM",250.72,0.123,25.70,0.83,
"4/15/2026, 2:28:47 AM",248.12,0.143,19.65,0.552,
"4/15/2026, 2:13:44 AM",249.07,0.131,29.38,0.898,
"4/15/2026, 1:58:44 AM",245.14,0.127,24.16,0.777,
"4/15/2026, 1:43:37 AM",248.76,0.129,17.92,0.558,
"4/15/2026, 1:28:22 AM",248.34,0.124,24.18,0.785,
"4/15/2026, 1:13:21 AM",248.22,0.121,21.49,0.714,
"4/15/2026, 12:58:11 AM",249.81,0.115,26.64,0.927,
"4/15/2026, 12:43:10 AM",245.24,0.123,26.53,0.878,
"4/15/2026, 12:28:08 AM",249.79,0.130,30.80,0.95,
"4/15/2026, 12:13:02 AM",246.51,0.131,30.21,0.938,
"4/14/2026, 11:57:47 PM",247.99,0.582,123.93,0.859,
"4/14/2026, 11:42:42 PM",243.65,0.582,132.54,0.935,
"4/14/2026, 11:27:35 PM",243.45,0.565,94.44,0.687,
"4/14/2026, 11:12:29 PM",240.61,0.553,105.83,0.796,
"4/14/2026, 10:57:27 PM",243.97,0.574,115.60,0.825,
"4/14/2026, 10:42:13 PM",245.83,0.567,125.59,0.901,
"4/14/2026, 10:27:12 PM",241.62,0.570,108.47,0.788,
"4/14/2026, 10:12:09 PM",241.48,0.595,96.50,0.672,
"4/14/2026, 9:57:08 PM",241.82,0.560,112.01,0.827,
"4/14/2026, 9:41:53 PM",245.98,0.527,89.02,0.687,
"4/14/2026, 9:26:52 PM",242.04,0.585,131.46,0.928,
"4/14/2026, 9:11:45 PM",244.76,0.548,109.68,0.817,
"4/14/2026, 8:56:45 PM",245.23,0.531,117.39,0.902,
"4/14/2026, 8:41:29 PM",246.12,0.547,84.49,0.628,
"4/14/2026, 8:26:29 PM",245.11,0.558,75.26,0.55,
"4/14/2026, 8:11:22 PM",246.68,0.577,96.41,0.677,
"4/14/2026, 7:56:18 PM",246.03,1.049,218.51,0.847,
"4/14/2026, 7:41:10 PM",244.91,0.766,149.21,0.795,
"4/14/2026, 7:26:09 PM",248.01,0.940,135.86,0.583,
"4/14/2026, 7:11:08 PM",241.55,1.169,173.69,0.615,
"4/14/2026, 6:55:50 PM",243.57,1.797,376.91,0.861,
"4/14/2026, 6:40:47 PM",243.61,1.708,387.81,0.932,
"4/14/2026, 6:25:47 PM",241.06,1.625,310.17,0.792,
"4/14/2026, 6:10:41 PM",238.97,2.699,457.86,0.71,
"4/14/2026, 5:55:32 PM",238.52,3.057,519.94,0.713,
"4/14/2026, 5:40:26 PM",238.7,2.553,335.14,0.55,
"4/14/2026, 5:25:25 PM",240.87,1.965,394.71,0.834,
"4/14/2026, 5:10:16 PM",236.35,2.088,393.36,0.797,
"4/14/2026, 4:55:11 PM",236.17,2.300,449.26,0.827,
"4/14/2026, 4:40:06 PM",236.98,2.001,348.45,0.735,
"4/14/2026, 4:25:05 PM",239.86,1.746,247.51,0.591,
"4/14/2026, 4:10:04 PM",237.65,1.666,217.75,0.55,
"4/14/2026, 3:55:03 PM",233.66,1.536,246.88,0.688,
"4/14/2026, 3:39:59 PM",235.1,1.696,299.37,0.751,
"4/14/2026, 3:24:56 PM",233.19,1.614,235.23,0.625,
"4/14/2026, 3:09:55 PM",232.17,1.634,208.60,0.55,
"4/14/2026, 2:54:42 PM",232.57,1.663,313.22,0.81,
"4/14/2026, 2:39:39 PM",233.11,1.797,230.39,0.55,
"4/14/2026, 2:24:38 PM",235.94,1.853,320.84,0.734,
"4/14/2026, 2:09:34 PM",231.89,1.706,308.11,0.779,
"4/14/2026, 1:54:34 PM",232,1.668,373.91,0.966,
"4/14/2026, 1:39:21 PM",228.96,1.625,240.38,0.646,
"4/14/2026, 1:24:20 PM",230.81,1.626,206.45,0.55,
"4/14/2026, 1:09:09 PM",236.35,2.085,468.22,0.95,
"4/14/2026, 12:54:08 PM",236.29,1.796,332.67,0.784,
"4/14/2026, 12:39:07 PM",235.11,1.833,236.98,0.55,
"4/14/2026, 12:24:05 PM",233.38,1.958,331.69,0.726,
"4/14/2026, 12:09:04 PM",238.74,1.986,405.91,0.856,
"4/14/2026, 11:54:03 AM",232.03,1.951,397.49,0.878,
"4/14/2026, 11:38:54 AM",234.4,1.849,394.84,0.911,
"4/14/2026, 11:23:54 AM",230.56,1.900,334.74,0.764,
"4/14/2026, 11:08:50 AM",232.67,1.895,358.40,0.813,
"4/14/2026, 10:53:49 AM",232.38,1.887,395.56,0.902,
"4/14/2026, 10:38:48 AM",236.44,1.992,305.15,0.648,
"4/14/2026, 10:23:46 AM",232.45,2.116,270.55,0.55,
"4/14/2026, 8:36:34 AM",234.12,22.201,4449.14,0.856,
"4/14/2026, 8:21:33 AM",234.47,45.356,9719.97,0.914,
"4/14/2026, 8:06:16 AM",235.23,44.895,7762.06,0.735,
"4/14/2026, 7:51:13 AM",243.21,13.844,2057.18,0.611,
"4/14/2026, 7:36:12 AM",243.53,29.730,5495.34,0.759,
"4/14/2026, 7:21:00 AM",246.96,10.845,2442.56,0.912,
"4/14/2026, 7:05:59 AM",249.48,0.869,148.05,0.683,
"4/14/2026, 6:50:48 AM",250.94,1.289,306.23,0.947,
"4/14/2026, 6:35:40 AM",248.45,1.549,361.67,0.94,
"4/14/2026, 6:20:35 AM",250.05,1.546,365.62,0.946,
"4/14/2026, 6:05:34 AM",250.74,1.534,302.42,0.786,
"4/14/2026, 5:50:33 AM",248.25,0.452,61.68,0.55,
"4/14/2026, 5:35:17 AM",251.21,0.417,70.24,0.671,
"4/14/2026, 5:20:16 AM",248.3,0.490,90.54,0.744,
"4/14/2026, 4:50:04 AM",248.02,0.462,94.93,0.828,
"4/14/2026, 4:34:57 AM",252.85,0.436,66.20,0.601,
"4/14/2026, 4:19:51 AM",251.98,0.438,76.87,0.697,
"4/14/2026, 4:04:43 AM",252.71,0.422,97.94,0.918,
"4/14/2026, 3:49:43 AM",248.88,0.432,92.69,0.863,
"4/14/2026, 3:34:30 AM",248.5,0.477,107.53,0.907,
"4/14/2026, 3:19:30 AM",248.34,0.513,95.97,0.753,
"4/14/2026, 3:04:28 AM",252.36,0.426,100.94,0.938,
"4/14/2026, 2:49:09 AM",250.22,0.435,93.86,0.863,
"4/14/2026, 2:34:03 AM",253.06,0.410,61.27,0.59,
"4/14/2026, 2:18:54 AM",248.28,0.460,68.58,0.6,
"4/14/2026, 2:03:54 AM",249.23,0.406,94.62,0.935,
"4/14/2026, 1:48:49 AM",248.33,0.453,105.69,0.939,
"4/14/2026, 1:33:41 AM",247.85,0.418,95.25,0.919,
"4/14/2026, 1:18:40 AM",251.73,0.386,73.06,0.751,
"4/14/2026, 1:03:33 AM",247.1,0.397,53.97,0.55,
"4/14/2026, 12:48:27 AM",250.87,0.429,95.38,0.887,
"4/14/2026, 12:33:27 AM",253.86,0.433,96.46,0.877,
"4/14/2026, 12:18:26 AM",250.97,0.418,96.10,0.917,
"4/14/2026, 12:03:26 AM",245.42,0.403,89.65,0.906,
"4/13/2026, 11:48:25 PM",245.52,0.230,36.74,0.652,
"4/13/2026, 11:33:25 PM",245.29,0.224,30.24,0.55,
"4/13/2026, 11:18:24 PM",246.37,0.220,51.44,0.948,
"4/13/2026, 11:03:24 PM",243.32,0.213,47.83,0.925,
"4/13/2026, 10:48:23 PM",248.96,0.209,43.77,0.843,
"4/13/2026, 10:33:20 PM",245.25,0.209,48.89,0.953,
"4/13/2026, 10:18:20 PM",245.88,0.249,55.45,0.905,
"4/13/2026, 10:03:18 PM",245.99,0.229,53.19,0.943,
"4/13/2026, 9:48:13 PM",249.28,0.266,38.65,0.582,
"4/13/2026, 9:33:12 PM",246.34,0.238,49.96,0.851,
"4/13/2026, 9:18:12 PM",248.26,0.221,32.13,0.586,
"4/13/2026, 9:03:11 PM",246.69,0.193,39.53,0.83,
"4/13/2026, 8:48:11 PM",246.57,0.197,41.82,0.862,
"4/13/2026, 8:33:09 PM",240.74,0.219,32.59,0.618,
"4/13/2026, 8:18:09 PM",242.7,0.207,27.69,0.55,
"4/13/2026, 8:03:08 PM",247.02,0.521,97.01,0.754,
"4/13/2026, 7:48:08 PM",245.49,0.441,72.66,0.671,
"4/13/2026, 7:33:02 PM",244.41,0.447,98.18,0.899,
"4/13/2026, 7:18:01 PM",244.99,0.614,115.03,0.765,
"4/13/2026, 7:02:50 PM",245.24,0.422,58.18,0.562,
"4/13/2026, 6:47:35 PM",243.56,0.593,93.46,0.647,
"4/13/2026, 6:32:24 PM",238.56,0.491,67.89,0.58,
"4/13/2026, 6:17:17 PM",239.55,0.770,163.52,0.887,
"4/13/2026, 6:02:12 PM",238.3,0.828,148.11,0.751,
"4/13/2026, 5:47:11 PM",235.7,0.860,111.53,0.55,
"4/13/2026, 5:32:10 PM",238.33,0.802,106.21,0.556,
"4/13/2026, 5:17:05 PM",236.99,0.886,164.46,0.783,
"4/13/2026, 11:46:33 AM",233.02,37.591,4817.64,0.55,
"4/13/2026, 11:31:14 AM",236.84,35.584,6497.69,0.771,
"4/13/2026, 11:16:04 AM",230.43,37.677,7362.27,0.848,
"4/13/2026, 9:30:41 AM",240.58,5.587,798.44,0.594,
"4/13/2026, 9:29:32 AM",238.46,6.220,1113.94,0.751,
"4/13/2026, 8:59:30 AM",236.79,8.938,1164.05,0.55,
"4/13/2026, 7:49:56 AM",246.5,29.107,5625.15,0.784,
"4/13/2026, 7:28:54 AM",242.77,0.571,110.97,0.8,
"4/13/2026, 7:13:53 AM",240.53,8.953,1184.40,0.55,
"4/13/2026, 6:58:53 AM",243.09,1.113,239.98,0.887,
"4/13/2026, 6:43:52 AM",238.84,1.221,160.42,0.55,
"4/13/2026, 6:28:51 AM",241.98,1.064,193.19,0.75,
"4/13/2026, 6:13:37 AM",241.29,1.116,215.39,0.8,
"4/13/2026, 5:58:28 AM",243.22,1.079,229.55,0.875,
"4/13/2026, 5:43:22 AM",243.88,0.193,39.00,0.827,
"4/13/2026, 5:28:16 AM",241.17,0.212,31.02,0.606,
"4/13/2026, 5:13:14 AM",242.08,0.219,46.61,0.881,
"4/13/2026, 4:58:14 AM",243.33,0.212,45.96,0.889,
"4/13/2026, 4:42:59 AM",243.41,0.244,54.77,0.923,
"4/13/2026, 4:27:58 AM",244.39,0.237,42.51,0.733,
"4/13/2026, 4:12:52 AM",248.3,0.245,39.45,0.648,
"4/13/2026, 3:57:51 AM",243.76,0.228,45.54,0.82,
"4/13/2026, 3:42:37 AM",244.9,0.209,46.94,0.918,
"4/13/2026, 3:27:31 AM",247.86,0.213,39.91,0.755,
"4/13/2026, 3:12:29 AM",249.44,0.207,46.98,0.909,
"4/13/2026, 2:57:19 AM",246.99,0.213,48.85,0.929,
"4/13/2026, 2:42:18 AM",247.18,0.209,28.38,0.55,
"4/13/2026, 2:27:18 AM",247.3,0.199,39.91,0.809,
"4/13/2026, 2:12:03 AM",243.12,0.168,37.03,0.905,
"4/13/2026, 1:57:01 AM",247.7,0.208,41.68,0.809,
"4/13/2026, 1:41:59 AM",243.03,0.201,40.98,0.84,
"4/13/2026, 1:26:59 AM",246.22,0.186,30.51,0.665,
"4/13/2026, 1:11:44 AM",244.8,0.202,44.19,0.893,
"4/13/2026, 12:56:40 AM",243.58,0.202,38.62,0.783,
"4/13/2026, 12:41:38 AM",245.93,0.198,36.83,0.756,
"4/13/2026, 12:26:28 AM",246.17,0.197,34.50,0.713,
"4/13/2026, 12:11:22 AM",244.98,0.209,44.59,0.872,
"4/12/2026, 11:56:16 PM",241.64,0.389,88.14,0.937,
"4/12/2026, 11:41:14 PM",243.22,0.400,71.76,0.737,
"4/12/2026, 11:26:14 PM",241.82,0.403,64.08,0.658,
"4/12/2026, 11:10:51 PM",245.08,0.368,81.50,0.904,
"4/12/2026, 10:55:50 PM",244.53,0.354,79.57,0.918,
"4/12/2026, 10:40:48 PM",241.54,0.387,84.71,0.907,
"4/12/2026, 10:25:47 PM",243.96,0.375,66.63,0.729,
"4/12/2026, 10:10:29 PM",241.28,0.416,85.92,0.855,
"4/12/2026, 9:55:28 PM",239.77,0.367,74.56,0.847,
"4/12/2026, 9:40:16 PM",240.91,0.418,85.67,0.85,
"4/12/2026, 9:25:16 PM",239.9,0.373,81.50,0.912,
"4/12/2026, 9:10:05 PM",243.41,0.404,54.14,0.55,
"4/12/2026, 8:55:04 PM",239.21,0.436,57.39,0.55,
"4/12/2026, 8:39:58 PM",236.75,0.352,48.33,0.58,
"4/12/2026, 8:24:57 PM",239.26,0.382,83.17,0.909,
"4/12/2026, 8:09:56 PM",241.98,0.370,61.70,0.689,
"4/12/2026, 7:54:51 PM",242.07,0.391,82.58,0.873,
"4/12/2026, 7:39:50 PM",239.68,0.419,55.22,0.55,
"4/12/2026, 7:24:48 PM",235.28,0.389,67.50,0.738,
"4/12/2026, 7:09:47 PM",240.35,0.406,77.24,0.791,
"4/12/2026, 6:54:46 PM",240.32,0.399,85.67,0.894,
"4/12/2026, 6:39:44 PM",234.06,0.364,68.63,0.806,
"4/12/2026, 6:24:43 PM",234.92,0.391,50.50,0.55,
"4/12/2026, 6:09:42 PM",230.13,0.358,52.26,0.635,
"4/12/2026, 5:54:41 PM",233.97,0.372,74.19,0.853,
"4/12/2026, 5:39:40 PM",243.24,0.380,81.62,0.883,
"4/12/2026, 5:52:41 AM",240.98,0.415,83.33,0.834,
"4/12/2026, 5:37:20 AM",244.96,0.371,77.57,0.854,
"4/12/2026, 5:22:19 AM",244.36,0.409,65.41,0.655,
"4/12/2026, 5:07:19 AM",244.13,0.469,84.80,0.741,
"4/12/2026, 4:52:18 AM",245.72,0.430,87.93,0.832,
"4/12/2026, 4:37:13 AM",242.02,0.384,81.50,0.876,
"4/12/2026, 4:22:07 AM",246.36,0.417,83.17,0.81,
"4/12/2026, 4:07:03 AM",244.9,0.439,94.95,0.883,
"4/12/2026, 3:52:02 AM",245.94,0.400,91.48,0.929,
"4/12/2026, 3:37:01 AM",246.13,0.365,79.28,0.883,
"4/12/2026, 3:21:59 AM",243.55,0.398,91.10,0.939,
"4/12/2026, 3:06:58 AM",243.56,0.436,58.35,0.55,
"4/12/2026, 2:51:48 AM",243.61,0.377,79.53,0.865,
"4/12/2026, 2:36:47 AM",243.09,0.391,88.47,0.93,
"4/12/2026, 2:21:42 AM",241.95,0.404,74.85,0.766,
"4/12/2026, 2:06:41 AM",242.06,0.391,66.46,0.702,
"4/12/2026, 1:51:39 AM",244.6,0.393,75.90,0.79,
"4/12/2026, 1:36:38 AM",239.99,0.433,84.84,0.817,
"4/12/2026, 1:21:36 AM",241.88,0.430,78.66,0.757,
"4/12/2026, 1:06:35 AM",239.87,0.434,93.32,0.896,
"4/12/2026, 12:51:34 AM",238.08,0.417,87.22,0.878,
"4/12/2026, 12:36:32 AM",236.82,0.387,80.12,0.874,
"4/12/2026, 12:21:31 AM",242.63,0.402,69.59,0.713,
"4/12/2026, 12:06:30 AM",240.46,0.420,97.99,0.97,
"4/11/2026, 11:51:14 PM",239.35,0.162,34.72,0.893,
"4/11/2026, 11:36:14 PM",242.9,0.167,22.25,0.55,
"4/11/2026, 11:21:13 PM",237.3,0.152,20.80,0.575,
"4/11/2026, 11:05:59 PM",240.16,0.154,33.62,0.911,
"4/11/2026, 10:50:58 PM",240.32,0.144,27.00,0.782,
"4/11/2026, 10:35:58 PM",237.13,0.166,35.35,0.9,
"4/11/2026, 10:20:46 PM",240.69,0.168,28.95,0.716,
"4/11/2026, 10:05:35 PM",241.67,0.163,36.87,0.935,
"4/11/2026, 9:50:34 PM",242.51,0.158,21.02,0.55,
"4/11/2026, 9:35:29 PM",238.87,0.143,18.83,0.55,
"4/11/2026, 9:20:23 PM",238.94,0.149,20.77,0.585,
"4/11/2026, 9:05:21 PM",241.81,0.139,30.46,0.904,
"4/11/2026, 8:50:19 PM",237.55,0.152,32.26,0.892,
"4/11/2026, 8:34:54 PM",236.82,0.141,30.36,0.908,
"4/11/2026, 8:19:52 PM",235.53,0.138,18.42,0.567,
"4/11/2026, 8:04:52 PM",243.28,0.135,18.10,0.553,
"4/11/2026, 7:49:41 PM",240.23,0.127,28.01,0.92,
"4/11/2026, 7:34:41 PM",236.81,0.146,24.73,0.717,
"4/11/2026, 7:19:26 PM",237.24,0.134,24.08,0.756,
"4/11/2026, 7:04:25 PM",236.37,0.138,29.22,0.893,
"4/11/2026, 6:34:23 PM",237.83,0.140,27.88,0.837,
"4/11/2026, 6:19:13 PM",238.67,0.143,18.80,0.55,
"4/11/2026, 6:03:46 PM",238.76,0.137,26.70,0.815,
"4/11/2026, 5:48:45 PM",234.94,0.494,66.07,0.569,
"4/11/2026, 5:33:41 PM",237.38,0.481,63.12,0.553,
"4/11/2026, 5:18:41 PM",240.84,0.475,81.07,0.708,
"4/11/2026, 5:03:40 PM",239.48,0.464,61.12,0.55,
"4/11/2026, 4:48:40 PM",239.88,0.736,110.20,0.624,
"4/11/2026, 4:33:19 PM",238.63,0.758,152.36,0.842,
"4/11/2026, 4:18:19 PM",241.47,0.757,165.78,0.907,
"4/11/2026, 4:03:03 PM",243.64,0.755,146.06,0.794,
"4/11/2026, 3:48:03 PM",242.25,0.775,180.21,0.96,
"4/11/2026, 3:33:02 PM",236.24,0.791,149.22,0.799,
"4/11/2026, 3:17:50 PM",238.63,0.790,172.60,0.915,
"4/11/2026, 3:02:45 PM",235.94,0.776,148.58,0.811,
"4/11/2026, 2:47:44 PM",232.54,0.817,107.90,0.568,
"4/11/2026, 2:32:43 PM",236.68,0.785,129.09,0.695,
"4/11/2026, 2:17:30 PM",233.63,0.875,154.39,0.755,
"4/11/2026, 2:02:28 PM",234.2,0.792,170.47,0.919,
"4/11/2026, 1:47:27 PM",233.55,0.836,107.38,0.55,
"4/11/2026, 1:32:16 PM",234.33,0.829,148.39,0.764,
"4/11/2026, 1:17:11 PM",236.89,0.806,143.71,0.753,
"4/11/2026, 1:02:05 PM",244.7,0.818,118.69,0.593,
"4/11/2026, 12:47:02 PM",237.77,0.834,126.28,0.637,
"4/11/2026, 12:32:00 PM",241.9,0.810,169.16,0.863,
"4/11/2026, 12:16:59 PM",242.9,0.800,136.30,0.701,
"4/11/2026, 12:01:58 PM",242.07,0.769,140.86,0.757,
"4/11/2026, 11:46:57 AM",242.2,0.790,130.04,0.68,
"4/11/2026, 11:31:45 AM",241.49,0.794,168.17,0.877,
"4/11/2026, 11:16:44 AM",241.49,0.747,102.06,0.566,
"4/11/2026, 11:01:43 AM",241.14,0.727,101.04,0.576,
"4/11/2026, 10:46:42 AM",238.1,0.747,131.32,0.738,
"4/11/2026, 9:42:37 AM",240.28,0.736,164.55,0.931,
"4/11/2026, 9:27:35 AM",239.16,0.788,161.95,0.859,
"4/11/2026, 8:14:47 AM",237.52,0.827,137.09,0.698,
"4/11/2026, 7:59:42 AM",238.01,0.805,159.53,0.833,
"4/11/2026, 7:44:36 AM",242.2,0.752,100.17,0.55,
"4/11/2026, 7:29:31 AM",243.81,0.747,163.26,0.896,
"4/11/2026, 7:14:25 AM",242.29,0.730,150.34,0.85,
"4/11/2026, 6:59:20 AM",241.56,0.786,162.24,0.855,
"4/11/2026, 6:44:19 AM",240.87,0.793,139.90,0.732,
"4/11/2026, 6:29:13 AM",242,0.784,179.57,0.946,
"4/11/2026, 6:14:07 AM",244.78,0.752,111.21,0.604,
"4/11/2026, 5:58:57 AM",239.77,0.767,158.34,0.861,
"4/11/2026, 5:43:51 AM",241.56,0.146,26.97,0.767,
"4/11/2026, 5:28:46 AM",244.26,0.131,20.64,0.646,
"4/11/2026, 5:13:45 AM",241.83,0.133,28.82,0.898,
"4/11/2026, 4:58:35 AM",243.63,0.130,29.67,0.934,
"4/11/2026, 4:43:29 AM",242.1,0.129,28.31,0.903,
"4/11/2026, 4:28:29 AM",244.84,0.133,29.56,0.907,
"4/11/2026, 4:13:13 AM",241.79,0.152,20.16,0.55,
"4/11/2026, 3:58:08 AM",244.03,0.132,29.16,0.906,
"4/11/2026, 3:42:58 AM",245.15,0.134,28.87,0.878,
"4/11/2026, 3:27:57 AM",241.47,0.147,27.96,0.787,
"4/11/2026, 3:12:56 AM",244.9,0.158,30.25,0.782,
"4/11/2026, 2:57:55 AM",243.99,0.137,32.21,0.963,
"4/11/2026, 2:42:44 AM",241.61,0.142,32.39,0.945,
"4/11/2026, 2:27:34 AM",240.94,0.130,26.94,0.861,
"4/11/2026, 2:12:33 AM",243.09,0.122,22.94,0.776,
"4/11/2026, 1:57:33 AM",242.91,0.122,20.27,0.684,
"4/11/2026, 1:42:27 AM",243.83,0.127,29.83,0.96,
"4/11/2026, 1:27:27 AM",241.24,0.157,37.09,0.979,
"4/11/2026, 1:12:11 AM",244.76,0.139,28.87,0.849,
"4/11/2026, 12:57:10 AM",242.74,0.141,32.39,0.946,
"4/11/2026, 12:42:10 AM",242.13,0.116,24.12,0.858,
"4/11/2026, 12:27:00 AM",243.41,0.120,26.28,0.899,
"4/11/2026, 12:11:59 AM",240.82,0.132,23.31,0.733,
"4/10/2026, 11:56:58 PM",239.93,0.084,14.86,0.735,
"4/10/2026, 11:41:42 PM",237.82,0.093,18.72,0.85,
"4/10/2026, 11:26:42 PM",242.12,0.083,17.73,0.883,
"4/10/2026, 11:11:34 PM",243.56,0.086,19.51,0.935,
"4/10/2026, 10:56:34 PM",242.64,0.081,16.69,0.846,
"4/10/2026, 10:41:32 PM",239.07,0.080,15.07,0.792,
"4/10/2026, 10:26:30 PM",236.08,0.082,17.51,0.905,
"4/10/2026, 10:11:10 PM",237.24,0.084,19.53,0.985,
"4/10/2026, 9:55:54 PM",240.16,0.093,19.94,0.889,
"4/10/2026, 9:40:49 PM",236.37,0.098,16.21,0.7,
"4/10/2026, 9:25:48 PM",234.55,0.100,20.50,0.874,
"4/10/2026, 9:10:47 PM",238.02,0.097,12.70,0.55,
"4/10/2026, 8:55:38 PM",239.47,0.094,17.55,0.779,
"4/10/2026, 8:40:37 PM",242.99,0.098,18.88,0.795,
"4/10/2026, 8:25:31 PM",236.82,0.090,17.34,0.81,
"4/10/2026, 8:10:15 PM",234.71,0.098,20.11,0.877,
"4/10/2026, 7:55:14 PM",234.46,0.098,17.05,0.743,
"4/10/2026, 7:40:13 PM",242.02,0.093,20.17,0.899,
"4/10/2026, 7:25:13 PM",236.94,0.090,17.06,0.803,
"4/10/2026, 7:10:04 PM",237.33,0.085,11.24,0.56,
"4/10/2026, 6:55:04 PM",242.37,0.087,20.35,0.962,
"4/10/2026, 6:39:59 PM",236.83,0.085,14.77,0.732,
"4/10/2026, 6:24:57 PM",242.7,0.085,11.40,0.55,
"4/10/2026, 6:09:56 PM",235.76,0.087,14.38,0.703,
"4/10/2026, 5:54:55 PM",235.66,3.521,456.37,0.55,
"4/10/2026, 5:39:55 PM",235.04,2.176,281.26,0.55,
"4/10/2026, 5:24:55 PM",235.23,0.982,134.45,0.582,
"4/10/2026, 5:09:55 PM",236.89,0.971,189.14,0.822,
"4/10/2026, 4:54:54 PM",237.94,0.571,74.66,0.55,
"4/10/2026, 4:39:53 PM",243.15,0.191,25.54,0.55,
"4/10/2026, 4:18:16 PM",245.19,0.201,28.43,0.578,
"4/10/2026, 4:12:10 PM",238.14,0.832,108.99,0.55,
"4/10/2026, 3:57:09 PM",236.95,0.745,121.26,0.687,
"4/10/2026, 3:41:55 PM",239.42,0.807,106.22,0.55,
"4/10/2026, 3:26:54 PM",234.95,0.685,139.60,0.867,
"4/10/2026, 3:11:53 PM",239.36,0.865,113.92,0.55,
"4/10/2026, 2:56:47 PM",237.68,0.695,107.96,0.654,
"4/10/2026, 2:41:45 PM",231.04,0.687,126.42,0.797,
"4/10/2026, 2:26:44 PM",233.54,0.687,126.84,0.79,
"4/10/2026, 2:11:43 PM",234.76,0.703,125.94,0.763,
"4/10/2026, 1:56:42 PM",235.91,0.825,143.28,0.736,
"4/10/2026, 1:41:40 PM",233.88,0.704,116.18,0.706,
"4/10/2026, 1:26:39 PM",232.12,0.862,110.00,0.55,
"4/10/2026, 1:11:39 PM",236.13,0.689,93.89,0.577,
"4/10/2026, 12:56:38 PM",236.62,0.737,97.44,0.559,
"4/10/2026, 12:41:38 PM",242.08,0.764,133.58,0.722,
"4/10/2026, 12:26:37 PM",242.41,0.820,142.40,0.716,
"4/10/2026, 12:11:24 PM",242.41,0.715,143.92,0.83,
"4/10/2026, 11:56:10 AM",236.9,0.810,145.66,0.759,
"4/10/2026, 11:41:08 AM",240.29,0.718,105.17,0.61,
"4/10/2026, 11:25:53 AM",235.76,0.649,129.58,0.847,
"4/10/2026, 11:10:35 AM",238.5,0.636,118.12,0.779,
"4/10/2026, 10:55:34 AM",238.2,1.693,280.72,0.696,
"4/10/2026, 10:40:32 AM",240.47,1.782,235.68,0.55,
"4/10/2026, 10:25:23 AM",236.54,2.318,496.73,0.906,
"4/10/2026, 10:10:23 AM",238.8,7.560,1465.91,0.812,
"4/10/2026, 9:55:22 AM",242.32,0.773,154.58,0.825,
"4/10/2026, 7:58:37 AM",239.72,0.266,56.42,0.886,
"4/10/2026, 7:43:32 AM",243.82,0.294,65.62,0.916,
"4/10/2026, 7:28:31 AM",248.08,0.415,99.19,0.963,
"4/10/2026, 7:13:20 AM",238.94,0.436,70.18,0.673,
"4/10/2026, 6:57:55 AM",243.99,0.406,82.38,0.832,
"4/10/2026, 6:42:54 AM",243.28,0.410,72.49,0.727,
"4/10/2026, 6:27:49 AM",241.21,0.415,85.76,0.856,
"4/10/2026, 6:12:43 AM",242.58,0.419,72.03,0.709,
"4/10/2026, 5:57:38 AM",241.01,0.432,90.84,0.873,
"4/10/2026, 5:42:38 AM",244.45,0.108,24.64,0.93,
"4/10/2026, 5:27:37 AM",238.78,0.110,14.43,0.55,
"4/10/2026, 5:12:26 AM",243.66,0.108,16.72,0.638,
"4/10/2026, 4:57:26 AM",238.65,0.109,23.21,0.895,
"4/10/2026, 4:42:20 AM",239.65,0.104,20.63,0.831,
"4/10/2026, 4:27:15 AM",242.04,0.100,20.57,0.848,
"4/10/2026, 4:12:04 AM",241.61,0.115,25.36,0.912,
"4/10/2026, 3:56:59 AM",240.82,0.112,24.53,0.91,
"4/10/2026, 3:41:59 AM",244.67,0.114,25.50,0.918,
"4/10/2026, 3:26:48 AM",241.32,0.107,18.58,0.719,
"4/10/2026, 3:11:42 AM",242.45,0.114,21.91,0.796,
"4/10/2026, 2:56:42 AM",240.89,0.115,24.12,0.867,
"4/10/2026, 2:41:36 AM",241.79,0.101,19.69,0.809,
"4/10/2026, 2:26:31 AM",238.66,0.119,18.10,0.64,
"4/10/2026, 2:11:31 AM",241.97,0.099,15.32,0.64,
"4/10/2026, 1:56:25 AM",239.39,0.118,15.77,0.56,
"4/10/2026, 1:41:17 AM",237.29,0.118,21.99,0.788,
"4/10/2026, 1:26:16 AM",239.79,0.119,20.85,0.73,
"4/10/2026, 1:11:15 AM",241.99,0.107,14.52,0.562,
"4/10/2026, 12:56:14 AM",239.72,0.110,24.81,0.94,
"4/10/2026, 12:40:44 AM",243.87,0.124,28.95,0.96,
"4/10/2026, 12:25:43 AM",240.17,0.114,21.34,0.778,
"4/10/2026, 12:10:42 AM",243.71,0.117,26.44,0.928,
"4/9/2026, 11:55:42 PM",238.83,0.029,6.51,0.929,
"4/9/2026, 11:40:26 PM",238.3,0.033,6.17,0.784,
"4/9/2026, 11:25:26 PM",242.48,0.030,6.39,0.881,
"4/9/2026, 11:10:10 PM",242,0.032,6.87,0.88,
"4/9/2026, 10:55:09 PM",241.45,0.034,5.31,0.646,
"4/9/2026, 10:40:04 PM",242.42,0.031,6.67,0.889,
"4/9/2026, 10:25:04 PM",243.32,0.029,5.33,0.755,
"4/9/2026, 10:09:53 PM",242.74,0.033,7.58,0.936,
"4/9/2026, 9:54:52 PM",241.78,0.031,6.29,0.842,
"4/9/2026, 9:39:51 PM",238.19,0.034,6.83,0.844,
"4/9/2026, 9:24:50 PM",236.36,0.030,4.98,0.714,
"4/9/2026, 9:09:41 PM",236.84,0.031,6.01,0.826,
"4/9/2026, 8:54:41 PM",238.38,0.031,6.87,0.937,
"4/9/2026, 8:24:16 PM",237.6,0.028,4.95,0.741,
"4/9/2026, 8:09:14 PM",240.14,0.029,3.79,0.55,
"4/9/2026, 7:54:13 PM",241.54,0.033,4.34,0.55,
"4/9/2026, 7:39:12 PM",241.18,0.027,6.13,0.935,
"4/9/2026, 7:24:10 PM",239.42,0.028,6.22,0.934,
"4/9/2026, 7:09:09 PM",239.55,0.030,5.39,0.754,
"4/9/2026, 6:54:08 PM",246.61,0.177,25.88,0.593,
"4/9/2026, 6:52:06 PM",238.82,0.082,16.58,0.849,
"4/9/2026, 6:33:52 PM",237.03,0.075,14.70,0.824,
"4/9/2026, 6:03:21 PM",231.92,1.333,218.51,0.707,
"4/9/2026, 6:02:42 PM",228.96,0.817,127.84,0.683,
"4/9/2026, 5:47:41 PM",238.24,0.324,59.81,0.774,
"4/9/2026, 5:41:28 PM",241.21,2.369,464.07,0.812,
"4/9/2026, 5:40:17 PM",233.69,1.675,366.77,0.937,
"4/9/2026, 5:25:16 PM",245.3,2.783,562.59,0.824,
"4/9/2026, 5:16:51 PM",242.45,0.111,22.18,0.822,
"4/9/2026, 5:09:53 PM",244.07,0.123,26.15,0.872,
"4/9/2026, 5:06:28 PM",247.42,0.437,95.26,0.881,
"4/9/2026, 5:01:57 PM",242.65,1.026,208.17,0.836,
"4/9/2026, 4:55:05 PM",236.54,0.386,78.69,0.861,
"4/9/2026, 4:42:49 PM",245.4,0.145,30.50,0.86,
"4/9/2026, 4:32:07 PM",237.08,2.120,425.22,0.846,
"4/9/2026, 4:21:23 PM",239.23,1.148,259.64,0.945,
"4/9/2026, 4:14:48 PM",242.24,2.987,565.81,0.782,
"4/9/2026, 4:07:45 PM",234.43,0.001,0.26,0.776,
"4/9/2026, 4:02:52 PM",242.45,1.830,347.46,0.783,
"4/9/2026, 3:55:19 PM",237.7,1.822,297.51,0.687,
"4/9/2026, 3:49:23 PM",240.76,2.354,440.92,0.778,
"4/9/2026, 3:37:24 PM",242.61,0.597,115.63,0.799,
"4/9/2026, 3:22:15 PM",232.38,2.677,561.21,0.902,
"4/9/2026, 3:12:13 PM",245.47,1.979,389.68,0.802,
"4/9/2026, 2:59:22 PM",241.17,0.884,184.99,0.868,
"4/9/2026, 2:49:24 PM",242.58,0.285,44.38,0.642,
"4/9/2026, 2:36:25 PM",241.89,0.424,97.23,0.948,
"4/9/2026, 2:29:24 PM",238.87,0.768,100.85,0.55,
"4/9/2026, 2:14:23 PM",237.75,0.070,15.06,0.91,
"4/9/2026, 1:59:23 PM",239.15,0.509,101.20,0.831,
"4/9/2026, 1:51:05 PM",236.81,0.750,143.07,0.806,
"4/9/2026, 1:36:04 PM",237.9,0.300,65.82,0.922,
"4/9/2026, 1:25:36 PM",238.82,0.071,14.41,0.852,
"4/9/2026, 1:10:27 PM",231.45,0.065,9.72,0.645,
"4/9/2026, 12:55:23 PM",238.95,0.058,8.88,0.64,
"4/9/2026, 12:46:16 PM",236.81,0.269,39.03,0.612,
"4/9/2026, 12:45:36 PM",243.92,0.734,164.27,0.917,
"4/9/2026, 12:31:16 PM",236.1,0.270,58.51,0.919,
"4/9/2026, 12:16:15 PM",240.4,0.298,61.08,0.854,
"4/9/2026, 12:10:15 PM",233.71,0.348,44.67,0.55,
"4/9/2026, 11:55:04 AM",239.91,0.285,46.90,0.685,
"4/9/2026, 11:39:54 AM",243.28,0.266,55.70,0.861,
"4/9/2026, 11:20:41 AM",241.74,0.202,40.53,0.829,
"4/9/2026, 11:08:59 AM",235.42,0.569,76.63,0.572,
"4/9/2026, 10:53:56 AM",236.95,0.575,75.00,0.55,
"4/9/2026, 10:35:18 AM",230.03,0.584,73.91,0.55,
"4/9/2026, 10:20:13 AM",245.63,0.098,18.17,0.752,
"4/9/2026, 10:14:10 AM",233.44,2.673,566.03,0.907,
"4/9/2026, 9:59:09 AM",245.65,0.489,100.35,0.836,
"4/9/2026, 9:52:31 AM",229.89,0.788,134.63,0.743,
"4/9/2026, 9:37:52 AM",237.64,0.132,17.20,0.55,
"4/9/2026, 9:37:30 AM",243.49,0.754,147.56,0.804,
"4/9/2026, 9:22:51 AM",234.68,0.134,25.37,0.805,
"4/9/2026, 9:07:50 AM",243.39,0.257,55.20,0.881,
"4/9/2026, 8:56:34 AM",242.94,0.041,7.92,0.795,
"4/9/2026, 8:53:47 AM",238.38,0.235,39.88,0.712,
"4/9/2026, 8:38:21 AM",237.74,0.384,85.54,0.938,
"4/9/2026, 8:28:28 AM",235.24,0.566,80.34,0.603,
"4/9/2026, 8:13:27 AM",245.03,0.200,26.93,0.55,
"4/9/2026, 7:58:26 AM",238.55,0.174,22.83,0.55,
"4/9/2026, 7:43:22 AM",241.27,0.232,45.98,0.822,
"4/9/2026, 7:28:18 AM",247.52,0.226,51.27,0.917,
"4/9/2026, 7:13:16 AM",246.7,0.238,32.30,0.55,
"4/9/2026, 6:58:15 AM",240.87,0.227,30.06,0.55,
"4/9/2026, 6:43:15 AM",243.7,0.199,26.73,0.55,
"4/9/2026, 6:28:10 AM",241.27,0.204,41.82,0.849,
"4/9/2026, 6:13:06 AM",249.28,0.213,43.99,0.829,
"4/9/2026, 5:58:05 AM",241.5,0.037,7.44,0.843,
"4/9/2026, 5:43:04 AM",240.06,0.039,6.83,0.722,
"4/9/2026, 5:28:03 AM",244.45,0.039,7.04,0.74,
"4/9/2026, 5:12:59 AM",247.59,0.038,5.19,0.55,
"4/9/2026, 4:57:58 AM",248.64,0.040,7.71,0.785,
"4/9/2026, 4:42:57 AM",244.67,0.038,8.45,0.917,
"4/9/2026, 4:27:56 AM",247.78,0.040,5.48,0.553,
"4/9/2026, 4:12:55 AM",240.73,0.039,7.21,0.761,
"4/9/2026, 3:57:44 AM",251.05,0.040,8.71,0.858,
"4/9/2026, 3:42:43 AM",241.14,0.038,5.08,0.55,
"4/9/2026, 3:27:31 AM",242.92,0.041,9.23,0.922,
"4/9/2026, 3:12:30 AM",248.5,0.040,5.44,0.55,
"4/9/2026, 2:57:29 AM",241.31,0.038,5.10,0.55,
"4/9/2026, 2:42:29 AM",239.22,0.041,8.84,0.896,
"4/9/2026, 2:27:22 AM",245.85,0.038,8.17,0.882,
"4/9/2026, 2:12:21 AM",238.07,0.038,8.34,0.926,
"4/9/2026, 1:57:07 AM",237.04,0.039,8.41,0.899,
"4/9/2026, 1:41:41 AM",241.32,0.038,5.10,0.55,
"4/9/2026, 1:26:40 AM",240.18,0.041,9.56,0.964,
"4/9/2026, 1:11:39 AM",246.48,0.040,8.19,0.837,
"4/9/2026, 12:56:38 AM",244.32,0.039,8.42,0.89,
"4/9/2026, 12:41:37 AM",236.72,0.040,7.75,0.823,
"4/9/2026, 12:26:36 AM",242.38,0.040,8.30,0.856,
"4/9/2026, 12:11:27 AM",240.11,0.036,6.40,0.746,
"4/8/2026, 11:56:14 PM",241.46,0.314,64.29,0.848,
"4/8/2026, 11:41:08 PM",238.26,0.298,63.40,0.894,
"4/8/2026, 11:26:07 PM",234.66,0.289,50.25,0.74,
"4/8/2026, 11:11:06 PM",237.07,0.308,66.90,0.917,
"4/8/2026, 10:56:06 PM",236.22,0.324,57.68,0.753,
"4/8/2026, 10:40:57 PM",243.48,0.307,49.36,0.66,
"4/8/2026, 10:25:54 PM",234.44,0.304,39.25,0.55,
"4/8/2026, 10:10:29 PM",235.2,0.339,53.34,0.669,
"4/8/2026, 9:55:28 PM",238,0.328,71.21,0.913,
"4/8/2026, 9:40:27 PM",234.28,0.318,68.20,0.914,
"4/8/2026, 9:25:26 PM",240.03,0.330,60.86,0.768,
"4/8/2026, 9:10:25 PM",242.21,0.309,41.11,0.55,
"4/8/2026, 8:55:21 PM",236.25,0.313,60.42,0.817,
"4/8/2026, 8:40:21 PM",236.61,0.286,67.14,0.991,
"4/8/2026, 8:25:20 PM",241.33,0.292,59.49,0.844,
"4/8/2026, 8:10:19 PM",235.45,0.299,59.27,0.842,
"4/8/2026, 7:55:18 PM",242.57,2.716,577.82,0.877,
"4/8/2026, 7:25:17 PM",249.15,1.544,340.44,0.885,
"4/8/2026, 5:39:17 PM",241.56,0.871,198.55,0.944,
"4/8/2026, 5:31:27 PM",233.37,5.767,1113.07,0.827,
"4/8/2026, 5:17:41 PM",233.28,6.557,1448.51,0.947,
"4/8/2026, 5:16:26 PM",240.85,13.341,2654.18,0.826,
"4/8/2026, 5:02:41 PM",237.65,0.854,185.19,0.912,
"4/8/2026, 4:47:40 PM",240.78,1.219,265.33,0.904,
"4/8/2026, 4:32:39 PM",239.59,7.307,1292.02,0.738,
"4/8/2026, 4:17:35 PM",230.04,5.043,843.46,0.727,
"4/8/2026, 4:02:22 PM",232.92,0.939,145.72,0.666,
"4/8/2026, 3:47:03 PM",241.65,0.937,169.36,0.748,
"4/8/2026, 3:36:54 PM",232.34,1.006,128.58,0.55,
"4/8/2026, 3:21:50 PM",240.01,1.036,216.84,0.872,
"4/8/2026, 3:06:46 PM",236.48,0.745,96.86,0.55,
"4/8/2026, 2:51:25 PM",233.08,0.974,180.66,0.796,
"4/8/2026, 2:36:10 PM",230.71,0.754,142.02,0.816,
"4/8/2026, 2:21:09 PM",230.72,1.348,242.62,0.78,
"4/8/2026, 2:16:58 PM",230.69,1.575,205.71,0.566,
"4/8/2026, 2:01:45 PM",235.54,1.461,279.18,0.811,
"4/8/2026, 1:54:12 PM",235.64,1.838,343.53,0.793,
"4/8/2026, 1:46:14 PM",234.6,2.057,424.58,0.88,
"4/8/2026, 1:20:22 PM",246.03,3.329,695.45,0.849,
"4/8/2026, 12:50:21 PM",246.03,3.329,695.45,0.849,
"4/8/2026, 12:35:20 PM",246.03,3.329,695.45,0.849,
"4/8/2026, 12:20:16 PM",246.03,3.329,695.45,0.849,
"4/8/2026, 12:05:16 PM",246.03,3.329,695.45,0.849,
"4/8/2026, 11:50:15 AM",246.03,3.329,695.45,0.849,
"4/8/2026, 11:35:14 AM",246.03,3.329,695.45,0.849,
"4/8/2026, 11:20:11 AM",246.03,3.329,695.45,0.849,
"4/8/2026, 11:05:09 AM",246.03,3.329,695.45,0.849,
"4/8/2026, 10:50:00 AM",246.03,3.329,695.45,0.849,
"4/8/2026, 10:34:59 AM",246.03,3.329,695.45,0.849,
"4/8/2026, 10:19:58 AM",246.03,3.329,695.45,0.849,
"4/8/2026, 10:04:58 AM",246.03,3.329,695.45,0.849,
"4/8/2026, 9:49:57 AM",246.03,3.329,695.45,0.849,
"4/8/2026, 9:34:46 AM",246.03,3.329,695.45,0.849,
"4/8/2026, 9:19:45 AM",246.03,3.329,695.45,0.849,
"4/8/2026, 9:04:44 AM",246.03,3.329,695.45,0.849,
"4/8/2026, 8:49:34 AM",246.03,3.329,695.45,0.849,
"4/8/2026, 8:34:14 AM",246.03,3.329,695.45,0.849,
"4/8/2026, 8:18:59 AM",246.03,3.329,695.45,0.849,
"4/8/2026, 8:03:59 AM",246.03,3.329,695.45,0.849,
"4/8/2026, 7:48:58 AM",235.45,4.372,944.95,0.918,
"4/8/2026, 7:33:57 AM",242.54,5.410,758.36,0.578,
"4/8/2026, 7:18:56 AM",234.59,5.608,723.60,0.55,
"4/8/2026, 7:03:56 AM",238.57,5.477,1242.73,0.951,
"4/8/2026, 6:48:37 AM",242.96,5.470,1134.94,0.854,
"4/8/2026, 6:33:29 AM",239.54,5.263,1196.40,0.949,
"4/8/2026, 6:18:10 AM",242.77,5.805,775.15,0.55,
"4/8/2026, 6:02:54 AM",235.9,5.858,760.00,0.55,
"4/8/2026, 5:47:53 AM",241.24,2.301,431.95,0.778,
"4/8/2026, 5:32:52 AM",235.49,2.284,415.27,0.772,
"4/8/2026, 5:17:51 AM",243.53,2.223,479.01,0.885,
"4/8/2026, 5:02:50 AM",237.84,2.210,481.97,0.917,
"4/8/2026, 4:47:49 AM",244.33,4.498,1073.61,0.977,
"4/8/2026, 4:32:49 AM",242.5,2.385,488.21,0.844,
"4/8/2026, 4:17:48 AM",242.34,2.428,528.94,0.899,
"4/8/2026, 4:02:47 AM",247.07,2.326,505.24,0.879,
"4/8/2026, 3:47:46 AM",243.14,2.393,563.22,0.968,
"4/8/2026, 3:32:42 AM",237.22,2.341,305.38,0.55,
"4/8/2026, 3:17:37 AM",242.65,2.406,482.88,0.827,
"4/8/2026, 3:02:36 AM",243.63,2.374,505.50,0.874,
"4/8/2026, 2:47:34 AM",239.54,2.328,487.92,0.875,
"4/8/2026, 2:32:34 AM",238.3,2.422,518.82,0.899,
"4/8/2026, 2:17:26 AM",235.97,4.420,995.99,0.955,
"4/8/2026, 2:02:25 AM",233.85,2.393,331.24,0.592,
"4/8/2026, 1:47:23 AM",239.73,2.340,308.57,0.55,
"4/8/2026, 1:32:22 AM",239.41,2.402,401.45,0.698,
"4/8/2026, 1:17:21 AM",236,2.309,437.59,0.803,
"4/8/2026, 1:02:12 AM",243.93,2.383,521.31,0.897,
"4/8/2026, 12:47:04 AM",239.72,2.423,472.31,0.813,
"4/8/2026, 12:31:50 AM",243.04,2.403,496.99,0.851,
"4/8/2026, 12:16:48 AM",241.02,2.417,463.75,0.796,
"4/8/2026, 12:01:47 AM",233.24,2.432,327.90,0.578,
"4/7/2026, 11:46:46 PM",234.66,0.960,165.79,0.736,
"4/7/2026, 11:31:45 PM",238.69,0.976,197.34,0.847,
"4/7/2026, 11:16:41 PM",238.06,1.772,414.16,0.982,
"4/7/2026, 11:01:40 PM",235.38,0.947,183.77,0.824,
"4/7/2026, 10:46:39 PM",229.44,1.033,161.40,0.681,
"4/7/2026, 10:31:38 PM",236.81,0.964,216.12,0.947,
"4/7/2026, 10:16:37 PM",235.64,1.042,167.94,0.684,
"4/7/2026, 10:01:35 PM",236.33,1.007,193.69,0.814,
"4/7/2026, 9:46:27 PM",233.7,1.022,224.64,0.941,
"4/7/2026, 9:31:27 PM",231.64,1.005,195.30,0.839,
"4/7/2026, 9:16:26 PM",239.99,1.008,133.04,0.55,
"4/7/2026, 9:01:25 PM",236.27,0.960,184.57,0.814,
"4/7/2026, 8:46:20 PM",237.63,0.968,162.71,0.707,
"4/7/2026, 8:31:10 PM",237.92,0.884,185.02,0.88,
"4/7/2026, 8:04:11 PM",239.49,2.132,490.16,0.96,
"4/7/2026, 7:49:10 PM",231.53,2.069,366.51,0.765,
"4/7/2026, 7:34:04 PM",234.13,2.167,417.00,0.822,
"4/7/2026, 7:18:21 PM",236.97,2.031,410.04,0.852,
"4/7/2026, 3:48:08 PM",229.78,11.542,2087.23,0.787,
"4/7/2026, 3:33:07 PM",224.28,11.559,1425.82,0.55,
"4/7/2026, 3:18:06 PM",224.3,14.967,2417.03,0.72,
"4/7/2026, 3:03:06 PM",222.07,15.004,1832.54,0.55,
"4/7/2026, 2:48:05 PM",224.26,14.926,2554.00,0.763,
"4/7/2026, 2:33:04 PM",213.31,14.832,1740.15,0.55,
"4/7/2026, 2:18:03 PM",225.68,14.905,1850.03,0.55,
"4/7/2026, 2:03:02 PM",219.76,14.946,1806.45,0.55,
"4/7/2026, 1:47:44 PM",212.48,14.496,1694.09,0.55,
"4/7/2026, 1:32:43 PM",218.56,11.433,2231.51,0.893,
"4/7/2026, 1:17:43 PM",223.54,11.526,1909.17,0.741,
"4/7/2026, 1:02:41 PM",229.35,11.416,1487.18,0.568,
"4/7/2026, 12:47:41 PM",224.53,1.842,227.48,0.55,
"4/7/2026, 12:32:37 PM",231.82,1.851,325.72,0.759,
"4/7/2026, 12:17:37 PM",223.43,2.714,333.53,0.55,
"4/7/2026, 12:02:37 PM",235.33,1.814,260.35,0.61,
"4/7/2026, 11:47:36 AM",225.79,1.834,360.32,0.87,
"4/7/2026, 11:32:35 AM",222.12,1.832,317.42,0.78,
"4/7/2026, 11:17:30 AM",221.47,1.939,236.13,0.55,
"4/7/2026, 11:02:28 AM",224.63,2.628,324.67,0.55,
"4/7/2026, 10:47:10 AM",231.19,2.740,483.93,0.764,
"4/7/2026, 10:32:09 AM",226.51,1.848,372.21,0.889,
"4/7/2026, 10:17:08 AM",224.85,1.886,383.83,0.905,
"4/7/2026, 10:02:08 AM",234.81,1.889,405.41,0.914,
"4/7/2026, 9:47:04 AM",236.52,1.974,452.47,0.969,
"4/7/2026, 9:32:03 AM",227.78,1.904,333.54,0.769,
"4/7/2026, 9:17:02 AM",234.62,2.926,448.27,0.653,
"4/7/2026, 9:02:01 AM",227.83,11.141,2134.58,0.841,
"4/7/2026, 8:47:01 AM",230.77,11.710,1751.14,0.648,
"4/7/2026, 8:31:57 AM",227.36,11.563,1445.97,0.55,
"4/7/2026, 8:16:56 AM",231.32,11.556,2114.38,0.791,
"4/7/2026, 8:01:55 AM",230.71,11.637,1742.40,0.649,
"4/7/2026, 7:46:54 AM",233.22,9.609,2001.18,0.893,
"4/7/2026, 7:31:53 AM",234.79,2.380,517.48,0.926,
"4/7/2026, 7:16:49 AM",236.38,1.804,300.71,0.705,
"4/7/2026, 7:01:36 AM",243.43,1.625,217.51,0.55,
"4/7/2026, 6:46:27 AM",245.09,1.750,235.89,0.55,
"4/7/2026, 6:31:26 AM",243.67,1.868,273.09,0.6,
"4/7/2026, 6:16:26 AM",237.16,1.794,233.95,0.55,
"4/7/2026, 6:01:25 AM",244.16,0.854,196.85,0.944,
"4/7/2026, 5:46:24 AM",241.43,0.885,117.50,0.55,
"4/7/2026, 5:31:15 AM",242.91,0.914,205.02,0.923,
"4/7/2026, 5:16:02 AM",245.74,0.953,157.31,0.672,
"4/7/2026, 5:00:48 AM",244.69,0.955,225.25,0.964,
"4/7/2026, 4:45:34 AM",242.15,0.896,144.99,0.668,
"4/7/2026, 4:30:30 AM",244.91,0.923,190.14,0.841,
"4/7/2026, 4:15:29 AM",240.28,0.895,118.27,0.55,
"4/7/2026, 4:00:28 AM",241.4,0.885,193.79,0.907,
"4/7/2026, 3:45:28 AM",245.2,0.895,202.62,0.923,
"4/7/2026, 3:30:27 AM",236.94,0.900,117.25,0.55,
"4/7/2026, 3:15:10 AM",244.34,0.895,176.46,0.807,
"4/7/2026, 3:00:09 AM",236.99,0.934,206.89,0.935,
"4/7/2026, 2:44:51 AM",241.17,0.888,130.45,0.609,
"4/7/2026, 2:29:32 AM",241.22,0.920,133.82,0.603,
"4/7/2026, 2:14:24 AM",242.43,0.887,170.43,0.793,
"4/7/2026, 1:59:06 AM",237.3,0.921,120.25,0.55,
"4/7/2026, 1:44:05 AM",235.95,0.889,175.40,0.836,
"4/7/2026, 1:29:04 AM",238.44,0.929,209.38,0.945,
"4/7/2026, 1:14:03 AM",237.39,0.916,159.17,0.732,
"4/7/2026, 12:59:02 AM",235.5,0.924,119.65,0.55,
"4/7/2026, 12:44:01 AM",242.18,0.969,213.49,0.91,
"4/7/2026, 12:29:00 AM",235.21,0.934,169.59,0.772,
"4/7/2026, 12:13:59 AM",235.58,0.927,120.07,0.55,
"4/6/2026, 11:58:58 PM",239.52,1.164,194.07,0.696,
"4/6/2026, 11:43:57 PM",238.58,1.196,266.14,0.933,
"4/6/2026, 11:28:49 PM",243.3,1.201,253.65,0.868,
"4/6/2026, 11:13:39 PM",235.71,1.232,273.45,0.942,
"4/6/2026, 10:58:38 PM",234.57,1.242,208.26,0.715,
"4/6/2026, 10:43:37 PM",244.85,1.217,257.17,0.863,
"4/6/2026, 10:28:36 PM",243.28,1.309,226.35,0.711,
"4/6/2026, 10:13:35 PM",237.11,1.191,155.28,0.55,
"4/6/2026, 9:58:33 PM",239.31,1.231,162.03,0.55,
"4/6/2026, 9:43:14 PM",236.98,1.290,168.16,0.55,
"4/6/2026, 9:27:59 PM",241.42,1.217,200.61,0.683,
"4/6/2026, 9:12:58 PM",239.72,1.235,194.56,0.657,
"4/6/2026, 8:57:57 PM",242.59,1.285,234.98,0.754,
"4/6/2026, 8:42:47 PM",236.83,1.208,242.34,0.847,
"4/6/2026, 8:27:46 PM",242.09,1.204,262.30,0.9,
"4/6/2026, 8:12:45 PM",237.26,1.216,228.29,0.791,
"4/6/2026, 7:57:44 PM",231.58,1.238,230.01,0.802,
"4/6/2026, 7:42:43 PM",238.84,1.270,173.14,0.571,
"4/6/2026, 7:27:42 PM",241.29,1.436,190.55,0.55,
"4/6/2026, 7:12:41 PM",230.02,1.425,180.31,0.55,
"4/6/2026, 6:57:40 PM",232.56,1.330,282.30,0.913,
"4/6/2026, 6:42:36 PM",238.66,2.268,468.11,0.865,
"4/6/2026, 6:27:35 PM",236.47,1.977,429.72,0.919,
"4/6/2026, 6:12:34 PM",229.76,15.379,2667.81,0.755,
"4/6/2026, 5:57:33 PM",233.94,15.281,2427.39,0.679,
"4/6/2026, 5:42:33 PM",224.86,16.320,2550.43,0.695,
"4/6/2026, 5:27:28 PM",231.54,17.193,3120.97,0.784,
"4/6/2026, 5:12:23 PM",231.79,16.255,2596.04,0.689,
"4/6/2026, 4:57:22 PM",231.23,16.429,3194.84,0.841,
"4/6/2026, 4:42:21 PM",231.89,16.015,2101.90,0.566,
"4/6/2026, 4:27:21 PM",226.46,16.545,2060.78,0.55,
"4/6/2026, 4:12:16 PM",225.29,17.766,2601.57,0.65,
"4/6/2026, 3:57:15 PM",226.97,16.693,2614.23,0.69,
"4/6/2026, 3:42:14 PM",229.08,17.149,3739.83,0.952,
"4/6/2026, 3:27:13 PM",227.25,2.524,316.59,0.552,
"4/6/2026, 3:12:13 PM",235.28,2.788,480.23,0.732,
"4/6/2026, 2:57:08 PM",231.76,2.818,583.28,0.893,
"4/6/2026, 2:41:56 PM",232.37,2.812,561.29,0.859,
"4/6/2026, 2:26:55 PM",222.98,2.767,339.37,0.55,
"4/6/2026, 2:11:54 PM",223.18,3.006,459.54,0.685,
"4/6/2026, 1:56:53 PM",227.66,3.019,626.73,0.912,
"4/6/2026, 1:41:52 PM",230.71,2.903,503.65,0.752,
"4/6/2026, 1:26:49 PM",224.96,2.788,467.91,0.746,
"4/6/2026, 1:11:48 PM",223.61,2.914,462.64,0.71,
"4/6/2026, 12:56:36 PM",233.03,2.573,402.30,0.671,
"4/6/2026, 12:41:35 PM",230.84,2.685,596.17,0.962,
"4/6/2026, 12:26:34 PM",227.31,3.573,485.70,0.598,
"4/6/2026, 12:11:33 PM",228.92,2.910,574.25,0.862,
"4/6/2026, 8:25:56 AM",234.79,2.923,422.78,0.616,
"4/3/2026, 4:50:57 PM",242.87,0.458,79.94,0.718,
"4/3/2026, 4:35:56 PM",245.36,0.440,71.32,0.661,
"4/3/2026, 4:20:46 PM",240.74,0.434,79.89,0.764,
"4/3/2026, 4:05:45 PM",252.24,0.449,79.67,0.704,
"4/3/2026, 3:50:45 PM",245.99,0.424,68.28,0.654,
"4/3/2026, 3:35:43 PM",241.62,0.422,75.22,0.738,
"4/3/2026, 3:20:40 PM",246.48,0.471,99.62,0.859,
"4/3/2026, 3:14:14 PM",240.2,0.497,79.45,0.666,
"4/3/2026, 2:59:13 PM",244.59,0.490,85.04,0.709,
"4/3/2026, 2:44:12 PM",245.37,0.543,89.46,0.671,
"4/3/2026, 2:29:12 PM",244.87,0.537,75.30,0.573,
"4/3/2026, 2:14:04 PM",243.12,0.516,112.38,0.895,
"4/3/2026, 1:58:53 PM",245.76,0.525,70.93,0.55,
"4/3/2026, 1:43:41 PM",246.29,0.478,109.66,0.932,
"4/3/2026, 1:28:40 PM",242.67,0.514,68.71,0.551,
"4/3/2026, 1:13:39 PM",243.42,0.504,77.76,0.634,
"4/3/2026, 12:58:38 PM",237.72,0.502,68.30,0.572,
"4/3/2026, 12:43:38 PM",237.31,0.481,85.96,0.753,
"4/3/2026, 12:28:35 PM",246.59,0.511,121.47,0.964,
"4/3/2026, 12:13:34 PM",242.74,0.490,109.81,0.924,
"4/3/2026, 11:58:33 AM",245.04,0.486,107.92,0.906,
"4/3/2026, 11:43:32 AM",245.51,0.506,68.27,0.55,
"4/3/2026, 11:28:31 AM",240.7,0.520,68.87,0.55,
"4/3/2026, 11:13:22 AM",244.14,0.483,65.01,0.551,
"4/3/2026, 10:58:12 AM",248.13,0.498,107.92,0.874,
"4/3/2026, 10:42:59 AM",239.86,0.515,93.23,0.755,
"4/3/2026, 10:27:42 AM",248.62,0.473,79.79,0.678,
"4/3/2026, 10:12:33 AM",242.35,0.491,107.43,0.903,
"4/3/2026, 9:57:32 AM",242.36,0.471,104.29,0.914,
"4/3/2026, 9:42:31 AM",246.36,0.506,112.57,0.903,
"4/3/2026, 9:27:30 AM",246.56,0.497,67.35,0.55,
"4/3/2026, 9:12:29 AM",242.42,0.496,84.84,0.705,
"4/3/2026, 8:57:29 AM",244.09,0.478,95.75,0.82,
"4/3/2026, 8:42:28 AM",247.38,0.475,64.59,0.55,
"4/2/2026, 4:26:18 PM",234.05,1.605,351.13,0.935,
"4/2/2026, 4:11:15 PM",241.04,1.610,366.65,0.945,
"4/2/2026, 3:56:02 PM",242.1,1.629,218.06,0.553,
"4/2/2026, 3:41:01 PM",238.31,1.588,316.36,0.836,
"4/2/2026, 2:55:59 PM",242.2,1.627,291.19,0.739,
"4/2/2026, 2:40:51 PM",235.37,1.649,338.88,0.873,
"4/2/2026, 2:25:46 PM",240.09,1.638,277.17,0.705,
"4/2/2026, 2:10:41 PM",238.03,1.604,209.93,0.55,
"4/2/2026, 1:55:40 PM",247.48,1.604,373.25,0.94,
"4/2/2026, 1:40:39 PM",240.51,1.688,272.82,0.672,
"4/2/2026, 1:25:38 PM",238.38,1.720,250.12,0.61,
"4/2/2026, 1:10:34 PM",236.98,1.690,326.00,0.814,
"4/2/2026, 12:55:33 PM",238.22,1.668,356.91,0.898,
"4/2/2026, 12:40:32 PM",238.06,11.463,1520.00,0.557,
"4/2/2026, 12:25:31 PM",241.28,6.757,1522.70,0.934,
"4/2/2026, 12:10:30 PM",240.89,1.618,240.46,0.617,
"4/2/2026, 11:55:22 AM",237.96,1.652,328.21,0.835,
"4/2/2026, 11:40:08 AM",235.25,1.696,219.45,0.55,
"4/2/2026, 11:24:54 AM",237.79,1.763,365.18,0.871,Holy Week
"4/2/2026, 11:09:43 AM",239.94,1.788,250.15,0.583,
"4/2/2026, 10:54:26 AM",237.38,1.683,248.91,0.623,
"4/2/2026, 10:39:17 AM",242.61,1.657,221.09,0.55,
"4/2/2026, 10:24:16 AM",238.42,1.693,221.99,0.55,
"4/2/2026, 10:09:15 AM",238.71,1.724,226.28,0.55,
"4/2/2026, 9:54:14 AM",244.87,1.698,373.37,0.898,
"4/2/2026, 9:39:14 AM",238.1,1.768,400.67,0.952,
"4/2/2026, 9:24:14 AM",241.34,1.605,280.51,0.724,
"4/2/2026, 9:09:13 AM",238.33,1.643,324.56,0.829,
"4/1/2026, 6:06:17 PM",233.89,8.001,1759.03,0.94,
"4/1/2026, 5:51:16 PM",232.77,1.959,290.51,0.637,
"4/1/2026, 5:42:59 PM",232.69,2.007,416.47,0.892,
"4/1/2026, 4:39:39 PM",236.18,7.369,1369.67,0.787,
"4/1/2026, 4:37:37 PM",239.64,1.994,409.93,0.858,
"4/1/2026, 4:24:39 PM",233.25,7.367,1629.04,0.948,
"4/1/2026, 4:12:45 PM",235.94,9.799,1271.57,0.55,
"4/1/2026, 4:12:33 PM",240.64,9.993,1810.80,0.753,
"4/1/2026, 3:57:44 PM",241.81,10.177,1661.05,0.675,
"4/1/2026, 3:55:39 PM",229.76,10.951,2053.15,0.816,
"4/1/2026, 3:35:03 PM",231.54,11.049,2430.34,0.95,
"4/1/2026, 3:22:31 PM",239.74,6.353,1201.78,0.789,
"4/1/2026, 3:19:49 PM",230.74,4.184,883.32,0.915,
"4/1/2026, 3:04:49 PM",234.01,4.191,877.86,0.895,
"4/1/2026, 3:03:56 PM",240.97,2.293,432.60,0.783,
"4/1/2026, 2:39:02 PM",234.02,2.294,357.02,0.665,
"4/1/2026, 2:36:31 PM",252.52,0.715,173.22,0.959,
"4/1/2026, 1:44:16 PM",245.9,0.751,138.42,0.75,
"4/1/2026, 12:48:54 PM",235.50,0.001,0.12,0.982,
"4/1/2026, 10:36:52 AM",235.60,0.002,0.45,0.848,
"4/1/2026, 10:35:14 AM",244.75,0.518,119.34,0.941,
"4/1/2026, 10:26:31 AM",234.88,0.420,78.31,0.794,
